salaire,age,depenses,Depenses Preditent
-1.5240223556977162,-1.2746736361042466,-1.0326859664169947,-1.2069045730204198
0.01410115311080276,1.034238879481274,-1.7901404993627137,0.15386123499687346
-0.17698023415889008,-0.8642003000001541,-0.6195289484466028,-0.24010511759227324
-1.5063840737958984,1.1368572135072972,-1.6524214933725832,-0.8584377489792651
1.802100322195074,0.8803113784422393,0.4133635964793772,1.3396228903567295
0.3057860741908638,0.2132922072730889,0.8265206144497692,0.23623198084882013
0.0905337080186799,-1.5312194711693043,0.00020657850898520382,-0.1525720421724395
-1.1941211571637167,-0.7615819659741309,0.2067850874941812,-0.9125496829066243
-1.1346736144575902,1.496021382598378,-1.2392644754021909,-0.5573359485840791
-1.1186685068059403,1.3420938815593435,-0.2063719304762108,-0.5680118151192238
-1.1405530417581962,0.4698380423381467,-1.3769834813923216,-0.7045216884736443
-1.0500751882988713,-0.4024177968830499,-0.13751242748114548,-0.7651652931585932
-1.166683829760889,-1.223364469091235,-1.2392644754021909,-0.9584713956695501
0.7549089929871504,1.2394755475333203,-0.7572479544367335,0.6826925073211533
-0.007783381841452659,-0.0945627948049805,-0.3440909364663415,-0.018452636675831493
-0.14203030520528814,-0.5563452979220846,0.5510826024695079,-0.17354238139046688
0.06276974576581855,-0.5563452979220846,0.2756445904892465,-0.0352628742516345
-0.20115121306138115,-1.4799103041562929,-1.0326859664169947,-0.3423547829792407
0.7016675124316634,-0.6589636319481077,0.2067850874941812,0.3817946587393229
0.3113388666414361,-0.14587196181799206,0.00020657850898520382,0.1898555883409569
-1.0745728020513958,1.5473305496113896,-1.0326859664169947,-0.5095955168414025
-0.30338792112191765,-0.6076544649350962,-1.3081239783972562,-0.28965067152714324
0.3119921363415034,-0.8642003000001541,-0.2752314334712761,0.09004547600713991
0.2283736147328857,-1.325982803117258,1.0330991234349651,-0.0308603395104954
0.848326560096778,0.6750747103901931,-0.13751242748114548,0.666998573926359
-0.3549962274272364,0.8290022114292277,-0.9638264634219296,-0.1239938345778191
1.2135043224344133,-0.0945627948049805,0.8953801174448346,0.8061519521472853
0.170885881126961,0.6750747103901931,0.06906608150405054,0.2095955471226296
-0.33605140612528395,-1.120746135065212,-0.2752314334712761,-0.3833128160327452
-1.0778391505517326,1.2907847145463318,-0.4129504394614068,-0.5476049299465906
1.3245601714458586,0.9316205454552507,2.9611652072967947,1.0243520481751343
-0.2312016192644781,0.2646013742861005,-1.5835619903775175,-0.11917741045441342
0.4903347644598834,0.9829297124682624,0.7576611114547039,0.468249911263707
-0.8380891706270239,1.6499488836374128,-0.4129504394614068,-0.3356018869422949
0.8450602115964414,1.034238879481274,-0.13751242748114548,0.7149187567850545
-0.7629631551192815,-0.0945627948049805,-0.4818099424564721,-0.5283445354078576
-0.2782370376693256,1.4447122155853664,0.2067850874941812,0.013763008878290362
-0.935099721087022,-0.3511086298700383,-0.4129504394614068,-0.6803738929959426
0.373399488147832,1.034238879481274,0.6199421054645732,0.39645686155622845
-1.0536681716492415,0.8803113784422393,-0.7572479544367335,-0.5885712578327625
1.537526093667807,-1.3772919701302695,1.2396776324201613,0.8459091074166611
-0.5911532240015748,-1.1720553020782234,-0.8261074574317988,-0.5627165105535443
-1.6278922380084209,1.496021382598378,-2.2032975173331057,-0.8903535814064661
-2.926592401742265,-0.6589636319481077,-2.6164545353034976,-2.067980086552782
-0.3422574682759236,0.8803113784422393,-0.6195289484466028,-0.1082319172452396
0.12025747937174325,1.4447122155853664,-0.2752314334712761,0.28282361288048413
-0.1573821431568703,0.16198304026007734,0.2756445904892465,-0.08365663559771445
-0.634595659056052,1.0855480464942855,-1.4458429843873868,-0.27697334201845053
-2.4987007481981665,-0.7615819659741309,-2.2032975173331057,-1.793392348795773
0.2538511330355114,-0.8128911329871424,-0.13751242748114548,0.057949892463919433
-0.246880092066094,1.1881663805203089,0.06906608150405054,-0.0008690074857234826
-1.6974654610655913,0.8290022114292277,-0.8949669604268642,-1.0304193119950456
-2.0779950613548093,-1.120746135065212,-1.6524214933725832,-1.5594605218882367
-1.0611807732000158,1.2394755475333203,-0.9638264634219296,-0.5435181141970412
1.438555734107607,-0.2484902958440152,1.8594131593757488,0.9366226319739466
-1.6040478939559637,0.3159105412991121,0.2067850874941812,-1.038952445726183
-0.7600234414689785,0.3159105412991121,0.4133635964793772,-0.4690732647903889
0.12352382787207986,0.3159105412991121,-0.2063719304762108,0.127491435066934
-0.7022090730130202,1.3420938815593435,-1.5147024873824522,-0.28682142978906244
0.15684058257551348,-0.19718112883100364,-0.7572479544367335,0.07837866925677724
0.9910659895614888,0.16198304026007734,1.3085371354152266,0.6917672034774603
1.4584804599596606,1.1881663805203089,1.170818129425096,1.1505780527564518
0.9809403092104452,0.8290022114292277,1.170818129425096,0.7780208132656008
1.6489085775292858,0.8290022114292277,0.8953801174448346,1.2290281371873109
-0.2962019544211771,-0.9668186340261772,-0.2752314334712761,-0.33492435664155495
1.6822253322327196,-0.8128911329871424,1.583975147395488,1.022377778776701
-0.6107513150035946,-1.4286011371432812,-0.7572479544367335,-0.6117529975932485
-0.3180864893734325,-0.5050361309090731,-1.1704049724071257,-0.2852534387408938
-1.0210046866458753,0.4185288753251352,-0.2752314334712761,-0.630964306936643
1.5512447573692207,0.2646013742861005,-0.13751242748114548,1.0843174387586778
0.01410115311080276,-0.2997994628570268,-0.2063719304762108,-0.032319556258207746
-0.17371388565855345,-1.1720553020782234,-0.2063719304762108,-0.2808645007873118
0.8581256055977879,-0.9668186340261772,0.2756445904892465,0.44446922905004566
-1.6145002091570408,-0.5050361309090731,-0.2752314334712761,-1.1605825676627848
0.28520807863874303,1.752567217663436,-0.7572479544367335,0.43716185760103893
0.6863156744800812,0.4698380423381467,2.1348511713560105,0.528966801841331
-0.13027145060407627,1.3420938815593435,0.06906608150405054,0.09934669939769265
-1.355478773080346,1.2394755475333203,0.2067850874941812,-0.7422259864970219
0.8346078963953641,-0.7615819659741309,0.00020657850898520382,0.4572334412389703
0.4511385824558438,-1.4799103041562929,0.5510826024695079,0.09806654996533377
1.6737328261318445,0.4185288753251352,1.0330991234349651,1.18850289225852
0.14116210977389768,1.5473305496113896,-0.2752314334712761,0.3112598668439787
0.7179992549333465,-0.0945627948049805,0.6888016084596386,0.47159052897406567
1.1383783069266709,1.6499488836374128,2.479148686331337,0.998894600612848
-0.4869567068408362,0.008055539221042636,-0.13751242748114548,-0.327665386587221
0.30643934389093114,0.7263838774032045,1.0330991234349651,0.30828106044277054
0.8277485645446573,0.8290022114292277,0.2067850874941812,0.6745868597598395
2.03891058846948,1.5473305496113896,2.616867692321468,1.592605858034754
-1.245076193768968,-0.2997994628570268,-1.5835619903775175,-0.8825069566094019
-0.4928361341414422,0.11067387324706578,-0.3440909364663415,-0.3173135338763328
1.748858841639587,-1.0181278010391888,-0.13751242748114548,1.0387250417748988
0.4109624959017033,1.034238879481274,0.4133635964793772,0.4218191316056156
0.2345796768835253,-1.5825286381823158,-0.2752314334712761,-0.06247404973366409
-1.2421364801186652,-1.5825286381823158,-1.0326859664169947,-1.0595420748926132
-0.2573324072671712,1.1368572135072972,-0.13751242748114548,-0.015087134467470802
0.4452591551552379,-0.4024177968830499,-0.4129504394614068,0.24447359628570434
0.3727462184477647,0.11067387324706578,-0.2752314334712761,0.2671213846530224
0.05917676241544825,-0.8128911329871424,-0.3440909364663415,-0.0734928288355129
-1.0360298897474238,1.4447122155853664,-0.4818099424564721,-0.49789322168325845
0.27181604978736285,1.496021382598378,0.5510826024695079,0.39231565865645085
-1.6876664155645813,0.8290022114292277,-0.6883884514416682,-1.0238030676343357
-0.04665292899545855,-1.3772919701302695,-0.4818099424564721,-0.2237170642314041
0.11731776572144025,-0.6589636319481077,1.1019586264300305,-0.012754046637664553
2.09607168722537,-0.2484902958440152,1.377396638410292,1.3805726285775661
-0.6522339409578697,1.752567217663436,0.5510826024695079,-0.19579218624018735
0.6154359120227764,0.7263838774032045,0.06906608150405054,0.5169132992838158
0.6454863182258733,0.8803113784422393,1.377396638410292,0.5586855143142964
0.3727462184477647,-0.5563452979220846,0.6888016084596386,0.17403098902548172
-0.06069822754690606,1.5473305496113896,0.9642396204399,0.17496523301335923
0.7496828353866118,-1.4799103041562929,1.5151156444004226,0.2996414614882888
0.2541777678855451,0.3159105412991121,-0.2752314334712761,0.21570802654306312
1.0168701427141482,-0.8642003000001541,0.8953801174448346,0.5659739870208563
0.4178218277524102,0.9316205454552507,-1.5147024873824522,0.41212890333079844
-0.16652791895781288,0.3672197083121236,0.3445040934843119,-0.06118859834641562
-0.6460278788072301,0.2646013742861005,-0.06865292448608014,-0.39926508839112335
0.8460401161465424,-1.5312194711693043,-0.7572479544367335,0.35754039803827703
1.2543336786886212,-0.4537269638960615,0.2756445904892465,0.7835940393379768
0.029452991062384918,1.6499488836374128,-0.4129504394614068,0.2501562804592023
-0.034567439544213034,-0.4537269638960615,-1.10154546941206,-0.08666263557403674
0.07942812311753536,-0.2484902958440152,-0.2752314334712761,0.018949539143513775
0.3097056923912678,-0.5050361309090731,-0.2752314334712761,0.13862728330190646
-0.6515806712578024,0.9316205454552507,0.2067850874941812,-0.3099238979013182
-1.3871623535336115,-0.8128911329871424,-1.3081239783972562,-1.0500504964762618
0.6886021184303168,-1.1720553020782234,-0.8949669604268642,0.30136500295514024
0.5546818299165149,1.4447122155853664,0.4822230994744425,0.5761437795386132
0.6396068909252673,-0.19718112883100364,0.6888016084596386,0.4043389747610743
-0.3710013350788859,-0.4537269638960615,-0.2063719304762108,-0.31382035862506913
-0.2648450088179454,0.2646013742861005,1.170818129425096,-0.1418931827595167
-0.18939235846016927,-1.223364469091235,-0.3440909364663415,-0.2986112914281042
0.9466436499569106,0.9829297124682624,-0.06865292448608014,0.7763463569940879
0.12483036727221453,0.008055539221042636,0.06906608150405054,0.0854088029997535
0.3750326623980004,0.0593647062340542,-0.9638264634219296,0.26150437534019777
0.1947302251794184,-0.6076544649350962,0.6199421054645732,0.046675083475598914
-0.3595691153277077,-1.0181278010391888,0.3445040934843119,-0.3848702031711345
0.2447053572345688,-0.19718112883100364,-1.1704049724071257,0.137704327024474
0.3573943804961825,0.3159105412991121,-0.6195289484466028,0.28539913380920506
-0.07115054274798327,1.2394755475333203,0.2067850874941812,0.12494310771332713
-0.03522070924428035,-1.0181278010391888,0.06906608150405054,-0.16587251483164406
1.1102877098237758,-0.5050361309090731,0.4822230994744425,0.6791744475718875
-0.7348725580163865,-0.6076544649350962,-0.7572479544367335,-0.5809859648770597
-0.8377625357769903,-0.8642003000001541,-1.3769834813923216,-0.6862605289827962
0.231966598083256,-0.8128911329871424,-0.6195289484466028,0.043173613391667864
1.2213435588352208,-0.14587196181799206,1.0330991234349651,0.8042841479721957
-0.3798204760297948,1.3420938815593435,-0.13751242748114548,-0.06914699032171391
-0.27431741946892163,-0.0945627948049805,-0.4129504394614068,-0.19841448328713485
0.19342368577928373,-0.9155094670131656,1.5151156444004226,0.002828119578895822
1.1413180205769735,-1.0694369680522002,2.2037106743510764,0.6213570917472413
-0.2380609511151851,-0.9668186340261772,0.6888016084596386,-0.2956679734346775
-0.4755244870896581,-0.8128911329871424,-0.2063719304762108,-0.43451922945157123
-0.20082457821134747,1.5986397166244013,-0.7572479544367335,0.08751373831886779
1.1142073280241798,-1.0694369680522002,1.170818129425096,0.6030521490159447
0.09739303986938684,-1.1720553020782234,0.06906608150405054,-0.0978150734743439
-0.18351293115956333,0.8290022114292277,0.6888016084596386,-0.008209558265399654
-1.058241059549713,-0.9668186340261772,-0.8949669604268642,-0.8494476264260781
-0.03162772589391006,0.5211472093511583,-0.2752314334712761,0.05137743134365859
0.6301344802742912,0.16198304026007734,0.06906608150405054,0.4480688695246537
-0.4699716946390858,-1.120746135065212,-1.3769834813923216,-0.4737348222957775
-2.4082228947388415,-0.2484902958440152,-1.3769834813923216,-1.6606943625619839
-0.4278357989847433,0.5211472093511583,-1.7212809963676483,-0.2161393823077029
-1.3861824489835104,-1.4286011371432812,-1.0326859664169947,-1.1353184680040744
-1.6977920959156252,-0.04325362779196893,-1.1704049724071257,-1.1523734477559044
1.5156415587155516,0.16198304026007734,0.9642396204399,1.0459568182541188
-1.064120486850319,0.9829297124682624,-0.7572479544367335,-0.581306985823539
0.9508899030073482,0.0593647062340542,-0.2063719304762108,0.6503190022712366
-0.3657751774783473,-1.4799103041562929,-0.13751242748114548,-0.4535076882391634
0.4550582006562478,-0.8642003000001541,0.9642396204399,0.18664264367350128
0.5099328554619031,-0.2997994628570268,-0.9638264634219296,0.30246240839370214
-1.5579923801012172,-0.7615819659741309,-2.8230330442886937,-1.1582328901676437
0.3636004426468222,-1.223364469091235,0.6888016084596386,0.07476543199461215
0.9048343891526016,1.2907847145463318,0.6199421054645732,0.7910818457036684
-0.3425841031259572,1.1881663805203089,0.2756445904892465,-0.06548766074198804
0.7065670351821683,1.6499488836374128,0.00020657850898520382,0.7073387657842413
-0.13484433850454755,-0.14587196181799206,0.00020657850898520382,-0.11140407155002399
-1.6863598761644467,0.11067387324706578,-0.5506694454515375,-1.1231720970107721
1.526747143616696,0.9316205454552507,1.2396776324201613,1.1608672234844442
0.7467431217363089,0.9829297124682624,1.0330991234349651,0.6413749720356103
1.2010921981331342,-1.4286011371432812,0.13792558449911588,0.6115905847019718
-0.2968552241212444,1.1881663805203089,0.5510826024695079,-0.034611853725342825
-0.3801471108798285,0.5211472093511583,-0.06865292448608014,-0.18394032641891583
-0.8733657344306596,1.752567217663436,-1.10154546941206,-0.3450987673135359
2.1156697782273906,-1.0694369680522002,2.3414296803412067,1.2792323226804743
0.4174951929023765,0.2646013742861005,-0.2063719304762108,0.31881796622456754
0.22053437833207776,1.496021382598378,0.5510826024695079,0.3576906465020701
0.037292227463192835,-1.6338378051953275,0.13792558449911588,-0.20284190252627604
-0.7093950397137607,-0.19718112883100364,0.5510826024695079,-0.5064973322299587
0.20158955703012527,1.496021382598378,0.06906608150405054,0.3448992407380314
-1.0020598653439228,0.11067387324706578,-0.3440909364663415,-0.661137699154546
-0.11883923085289808,-0.4024177968830499,1.790553656380684,-0.13640153741248304
-0.2570057724171375,1.6499488836374128,-1.10154546941206,0.05674140364778922
-0.8230639675254755,0.5724563763641699,-0.06865292448608014,-0.4758337718593364
-0.11393970810239315,-0.6076544649350962,-0.6195289484466028,-0.16173661388675611
-1.3045237364750948,-0.9155094670131656,-1.4458429843873868,-1.0085751016949243
-0.4196699277339017,-1.5825286381823158,-0.4129504394614068,-0.5042186315503806
-0.1407237658051535,0.008055539221042636,-0.5506694454515375,-0.0938914191754789
-1.3822628307831064,0.2646013742861005,-0.2752314334712761,-0.8963655813591107
-0.12439202330347035,-1.5825286381823158,0.4133635964793772,-0.3048491348143288
-1.2832924712229066,-0.4537269638960615,-1.4458429843873868,-0.9297927086071406
1.3314195032965657,-1.223364469091235,-0.2752314334712761,0.7282298333540383
1.3428517230477437,-0.7615819659741309,0.2067850874941812,0.8003959820811124
-0.2576590421172049,-0.6076544649350962,-0.8949669604268642,-0.2587748645104981
0.2335997723334243,1.2907847145463318,0.8265206144497692,0.3378691069950552
-0.9066824891340932,-0.7102727989611193,-0.9638264634219296,-0.7113123819954834
-0.2877094483203018,-1.5312194711693043,0.13792558449911588,-0.4079590744958332
-0.05285899114609815,-0.7615819659741309,-1.10154546941206,-0.14197775636263663
-0.2681113573182821,-0.8128911329871424,-1.10154546941206,-0.2944753904832163
0.8025976810920652,-1.3772919701302695,-0.2752314334712761,0.3496907803634351
-1.7787975387239734,-1.2746736361042466,-0.8949669604268642,-1.3789269263988715
0.1865643539285768,-0.3511086298700383,0.6888016084596386,0.07696554482662567
-0.04991927749579519,-0.7102727989611193,0.13792558449911588,-0.13283208339076677
0.468450229507628,-0.4024177968830499,0.3445040934843119,0.2601320412727173
0.4475455991054735,0.9316205454552507,0.8953801174448346,0.43219817789161774
-0.2782370376693256,-1.223364469091235,0.4133635964793772,-0.35859857363187203
-1.3881422580837124,0.8803113784422393,-0.9638264634219296,-0.814405732011653
-1.0249243048462793,0.7776930444162161,0.2067850874941812,-0.5834852070353281
0.9293320029051264,1.393403048572355,1.5151156444004226,0.8219440559327565
-1.1941211571637167,0.8290022114292277,-0.6195289484466028,-0.6905648933332583
0.8372209751956334,-1.0694369680522002,-0.3440909364663415,0.41603297508655096
0.9489300939071462,0.11067387324706578,1.1019586264300305,0.6561565530627517
1.741346240088813,1.6499488836374128,1.7216941533856187,1.406014170275184
0.5543551950664813,-0.8128911329871424,-0.4129504394614068,0.26084805285901635
-0.9720094591408258,-0.8642003000001541,-1.10154546941206,-0.7769030767245189
-0.06788419424764665,-1.0694369680522002,-0.5506694454515375,-0.1950874623643333
-0.19951803881121286,1.4447122155853664,-0.06865292448608014,0.06691350524265811
-0.8485414858281012,0.9316205454552507,-0.6195289484466028,-0.4429104095515828
-1.5975151969552903,0.2132922072730889,-1.2392644754021909,-1.0488632154796902
0.8607386843980572,-0.2997994628570268,1.4462561414053572,0.5393239565071087
-0.5908265891515411,1.496021382598378,0.7576611114547039,-0.19013438656469153
0.1777452129776679,1.6499488836374128,0.4133635964793772,0.35028211178460883
-0.9644968575900515,-0.2484902958440152,-0.9638264634219296,-0.6859010267507577
-0.12994481575404265,-1.3772919701302695,-0.2063719304762108,-0.2799551412974364
-0.12275884905330205,-0.4024177968830499,0.00020657850898520382,-0.13904803515676692
-1.808194675227003,0.3672197083121236,-1.10154546941206,-1.1696300702439777
0.002342298509590893,0.2646013742861005,-0.13751242748114548,0.03850974680916731
1.1115942492239104,-0.19718112883100364,2.823446201306664,0.7230214114685906
0.11568459147127196,-1.6338378051953275,-0.4818099424564721,-0.1499119476405986
-0.2494931708663633,-0.9155094670131656,-0.5506694454515375,-0.29622612552518185
1.876246433152716,0.3159105412991121,1.7216941533856187,1.3109170097192062
0.8940554391014909,1.0855480464942855,0.8265206144497692,0.7551607782522598
-1.1059297476546277,0.7263838774032045,-0.06865292448608014,-0.6453402934141852
0.31623838939194104,-1.6338378051953275,-0.2063719304762108,-0.014499479724740404
-0.02280858494300116,-1.5825286381823158,0.3445040934843119,-0.23626073494163843
2.266901713792977,1.496021382598378,1.0330991234349651,1.7393830104969425
0.2345796768835253,0.008055539221042636,0.2067850874941812,0.15951073983970193
2.110116985776818,-0.6589636319481077,1.8594131593757488,1.3327695148519947
1.9464729259099531,-0.6589636319481077,1.790553656380684,1.2222782340281428
1.228202890685928,1.1881663805203089,-0.06865292448608014,0.9950963102797739
0.4230479853529488,-0.8128911329871424,0.6199421054645732,0.17219037842550658
0.6562652682769842,-0.6589636319481077,-0.6883884514416682,0.351139393201368
0.5514154814161784,-0.8128911329871424,0.00020657850898520382,0.25886317955080346
1.8697137361520424,0.9316205454552507,0.5510826024695079,1.3924357761092834
-0.15770877800690394,-0.14587196181799206,-0.2752314334712761,-0.1268419750583466
0.7176726200833128,0.4698380423381467,-0.2063719304762108,0.5501387837956019
1.2108912436341441,-1.223364469091235,-0.06865292448608014,0.6468500277173094
0.2447053572345688,-1.223364469091235,-0.3440909364663415,-0.005511666248665381
0.2989267423401569,-1.5312194711693043,0.2067850874941812,-0.011866578768013546
-1.208166455715164,-1.1720553020782234,-1.10154546941206,-0.9793193637995637
1.243228093787477,-1.2746736361042466,-1.1704049724071257,0.6615228344439945
-0.2341413329147811,0.6237655433771815,-0.4818099424564721,-0.07103668611702756
1.4555407463093577,1.1368572135072972,1.170818129425096,1.141432379784582
-0.4164035792335651,-0.19718112883100364,1.2396776324201613,-0.3086716258447392
1.4754654721614109,-1.6338378051953275,0.13792558449911588,0.7682022281472148
-0.5277860630950442,-0.14587196181799206,-0.9638264634219296,-0.3767154704144823
1.4022992657538704,1.2907847145463318,0.9642396204399,1.12696651774903
0.16957934172682634,0.2646013742861005,1.377396638410292,0.15142698389861253
0.668024122878196,-0.5050361309090731,0.9642396204399,0.38056128542519047
-0.8687928465301883,-0.19718112883100364,-1.5835619903775175,-0.6141215738308362
-1.5370877496990627,-1.0694369680522002,-1.2392644754021909,-1.1870830335134048
-0.2279352707641415,1.1368572135072972,0.2067850874941812,0.004761598614658258
0.527571137363721,0.2132922072730889,-0.8949669604268642,0.3859796448795493
1.5401391724680762,1.3420938815593435,-0.13751242748114548,1.2271958214200032
-0.3775340320795592,-1.120746135065212,-0.8261074574317988,-0.41132158382641626
1.230815969486197,-0.04325362779196893,0.7576611114547039,0.825001450181529
0.25777075123591536,0.008055539221042636,1.790553656380684,0.17516918482671484
0.9247591150046552,-1.4799103041562929,-0.13751242748114548,0.4178516940663018
-0.6492942273075668,-1.4286011371432812,-0.8949669604268642,-0.6377768920787067
0.3717663138976637,-1.3772919701302695,1.652834650390553,0.058796569970899284
-0.1733872508085198,0.9829297124682624,-0.6195289484466028,0.02010962656497124
1.3203139183954211,-1.120746135065212,0.6888016084596386,0.7350530224058814
-0.023788489493102145,1.5473305496113896,0.2067850874941812,0.1998864201053657
-0.6466811485072974,1.6499488836374128,-1.927859505352844,-0.20636458042976577
-1.564198442251857,-0.14587196181799206,-0.7572479544367335,-1.0764935822988764
-0.04436648504522291,0.5211472093511583,0.00020657850898520382,0.042776313674736
0.8104369174928732,0.7263838774032045,-0.13751242748114548,0.6485765620619385
0.8738040783994038,-1.3772919701302695,-0.06865292448608014,0.3977688227179254
1.3555904821990568,1.496021382598378,1.583975147395488,1.124072284950942
-1.3153026865262056,-0.04325362779196893,0.5510826024695079,-0.8941193762095365
1.1788810283308448,1.7012580506504245,1.583975147395488,1.033402543634105
1.2089314345339421,-0.2484902958440152,1.170818129425096,0.7815819724546499
-0.7734154703203587,-0.6589636319481077,-1.10154546941206,-0.6141706590261747
1.294183130392728,-0.8642003000001541,0.3445040934843119,0.7532137024289404
-0.14464338400555746,-1.4799103041562929,0.3445040934843119,-0.3042011071658149
0.9090806422030392,1.4447122155853664,0.4133635964793772,0.8154312839176133
-1.2323374346176552,-0.7615819659741309,-1.3081239783972562,-0.938353035913392
-1.4044740005853955,-1.1720553020782234,-0.13751242748114548,-1.1118647924924479
-0.20278438731154946,-0.8128911329871424,0.06906608150405054,-0.25036709474515173
0.2531978633354441,1.752567217663436,1.790553656380684,0.4155487926893873
0.8953619785016255,-0.19718112883100364,0.6199421054645732,0.5770229525755969
-1.5491732391503084,-0.9668186340261772,-1.3081239783972562,-1.1809214688976328
-1.131733900807287,0.008055539221042636,-0.7572479544367335,-0.7630142655219182
0.39103777004964985,-1.1720553020782234,0.4133635964793772,0.10045171586825623
-2.3945042310374283,1.5473305496113896,-1.7212809963676483,-1.400803632228997
-1.1493721827091048,-0.9155094670131656,-1.7212809963676483,-0.9038178993170211
1.414384755205116,1.2907847145463318,1.9971321653658798,1.135126552460572
-0.1916788024104049,0.8803113784422393,1.1019586264300305,-0.006562295569000775
-0.4291423383848779,-0.5563452979220846,-0.2063719304762108,-0.36739834115926057
-0.37263450932905423,0.3159105412991121,0.00020657850898520382,-0.20751107106366626
-0.300121572621581,0.7776930444162161,-0.2063719304762108,-0.09410366582150186
-2.0260601201994564,-0.5050361309090731,-1.10154546941206,-1.4384648308125916
-1.0513817276990058,-0.6076544649350962,-1.4458429843873868,-0.7946906577279823
-0.1609751265072406,-0.7102727989611193,-0.5506694454515375,-0.2078161861454765
0.0666893639662225,-1.3772919701302695,-1.0326859664169947,-0.14718917112586213
0.7843061294901801,0.3159105412991121,0.2756445904892465,0.5736468464574568
0.909407277053073,-1.325982803117258,0.6888016084596386,0.4289686435588275
-0.6881637744615726,0.4698380423381467,-1.2392644754021909,-0.39907174048754707
0.24993151483510745,0.4185288753251352,1.7216941533856187,0.22716258664740283
-0.15182935070629805,-0.6589636319481077,-0.8949669604268642,-0.1944802250784905
-0.6528872106579371,-0.5563452979220846,0.6888016084596386,-0.5184692540621316
-0.31775985452339883,-0.0945627948049805,-0.3440909364663415,-0.2277464999529478
-0.5157005736437986,-1.5825286381823158,-0.9638264634219296,-0.5690578262853355
0.43415357025409335,-1.4799103041562929,0.13792558449911588,0.08659839307343699
-1.003039769894024,-1.5825286381823158,-1.7212809963676483,-0.8981057124912972
1.1756146798305085,-1.0694369680522002,0.9642396204399,0.6445139470097254
-0.11622615205262878,0.3672197083121236,0.3445040934843119,-0.027225210628105925
0.9992318608123304,1.2394755475333203,1.7216941533856187,0.8476575333815147
0.4459124248553053,1.3420938815593435,0.00020657850898520382,0.48838186780742204
0.08334774131793933,0.7263838774032045,-1.0326859664169947,0.15765123049728005
-0.11524624750252778,-1.2746736361042466,-0.4818099424564721,-0.25570917542905797
-0.2932622407708741,0.5211472093511583,-0.6883884514416682,-0.12527629308728994
1.4846112479623534,-1.1720553020782234,0.2756445904892465,0.8388245865234567
-0.008110016691486322,1.1881663805203089,0.6888016084596386,0.16034681343690244
-0.4624590930883115,-0.6589636319481077,1.170818129425096,-0.40421517131298734
0.5180987267127447,-1.4799103041562929,-0.2752314334712761,0.14327755309684992
0.7313912837847267,-1.2746736361042466,0.2756445904892465,0.3159343373362586
-1.1062563825046612,-0.3511086298700383,-0.4129504394614068,-0.7959376278296716
-0.6264297878052103,-1.223364469091235,-0.8949669604268642,-0.5936957899157561
1.4441085265581792,0.7263838774032045,1.583975147395488,1.0764270307211647
0.5494556723159764,-0.3511086298700383,0.2756445904892465,0.3219871276515742
1.3229269971956903,1.1368572135072972,0.2067850874941812,1.0518925394363108
-0.03162772589391006,0.2646013742861005,0.5510826024695079,0.015573433025373737
0.2140016813314045,-0.8642003000001541,0.2067850874941812,0.023883032400043077
0.9286787332050592,-1.1720553020782234,-0.6883884514416682,0.4634629897925276
-1.1510053569592729,1.6499488836374128,-2.478735529313367,-0.546880623527624
-0.944572131737998,-1.6338378051953275,-1.0326859664169947,-0.8657895874693863
-0.3128603317728939,0.9316205454552507,0.4822230994744425,-0.08122238449945356
-0.04305994564508826,1.1881663805203089,-0.6883884514416682,0.1367488752170379
-2.1482215541120464,-1.2746736361042466,-1.5147024873824522,-1.6283593387976267
-1.1686436388610908,-1.0694369680522002,-1.4458429843873868,-0.9383122455507209
0.730084744384592,1.034238879481274,1.8594131593757488,0.6372881562860608
0.2306600586831213,0.3672197083121236,-0.06865292448608014,0.2069898397410168
-1.1660305600608216,1.496021382598378,-2.6164545353034976,-0.5785079305383499
-0.2302217147143772,0.8290022114292277,-0.3440909364663415,-0.039746989718115855
-0.9210544225355743,0.3672197083121236,-0.4818099424564721,-0.5706394141210611
0.3106855969413688,-1.120746135065212,-0.2063719304762108,0.05335931177409385
0.15553404317537886,-1.1720553020782234,0.13792558449911588,-0.05855869026746645
-1.4188459339868769,-0.5050361309090731,-0.9638264634219296,-1.0284782219272814
-1.030803732146885,1.0855480464942855,-0.8261074574317988,-0.5444901556698121
0.3057860741908638,0.3159105412991121,0.9642396204399,0.2505535801761341
0.15749385227558085,1.5473305496113896,0.2067850874941812,0.3222869407784949
0.5478224980658081,1.6499488836374128,1.3085371354152266,0.6001556071407445
0.6425466045755703,1.0855480464942855,0.5510826024695079,0.5853438396607114
0.5082996812117349,0.3672197083121236,0.4133635964793772,0.3944500966277912
1.7384065264385096,-0.6589636319481077,1.4462561414053572,1.0817933121024073
-0.4634389976384125,-1.5312194711693043,-0.6883884514416682,-0.5266103900312269
0.3253841651928836,0.16198304026007734,0.9642396204399,0.24230366990658256
0.1258102718223155,0.4185288753251352,0.4822230994744425,0.14335682474508019
-0.6163041074541667,1.1881663805203089,-0.7572479544367335,-0.25030141988447846
-0.7436916989672954,0.3159105412991121,-0.6195289484466028,-0.45804619085587284
0.36000745929645184,0.5724563763641699,-0.7572479544367335,0.32296746395701253
-0.0041903984910823654,-1.4286011371432812,0.06906608150405054,-0.20220747166531913
0.3061127090408975,0.9316205454552507,0.4133635964793772,0.33670371761870804
-0.3216794727238028,1.4447122155853664,1.170818129425096,-0.015569007787522586
-0.17698023415889008,0.008055539221042636,-0.7572479544367335,-0.11837152331010473
1.2824242757915159,0.7776930444162161,0.5510826024695079,0.9744197984331117
-1.1973875056640533,0.7776930444162161,0.6888016084596386,-0.6999311077838185
-0.2383875859652187,-1.325982803117258,-1.1704049724071257,-0.3460141125589666
-1.853596919381682,-1.4799103041562929,-0.5506694454515375,-1.458074123673583
0.4602843582567864,0.16198304026007734,0.3445040934843119,0.33338730060568583
-0.10838691565182086,-1.223364469091235,0.06906608150405054,-0.24391700471290426
1.561697072570298,0.3159105412991121,-0.13751242748114548,1.0985355657404252
-2.634907480662204,-1.5825286381823158,-2.2721570203281707,-1.9999309400281493
-0.7338926534662855,0.5724563763641699,-0.6195289484466028,-0.4156259481768783
0.03827213201329383,-0.14587196181799206,0.6888016084596386,0.005482912155847058
0.09151361256878088,-1.4799103041562929,-0.2063719304762108,-0.14474961807271158
-0.813918191724533,1.2394755475333203,-0.2752314334712761,-0.37656821482846686
0.3890779609494479,0.008055539221042636,1.377396638410292,0.2638268592602246
0.1320163339729551,-0.19718112883100364,0.6199421054645732,0.0616175168763127
1.7070495808352781,-0.14587196181799206,1.7216941533856187,1.132229326784706
-0.3481368955765295,-0.2484902958440152,0.00020657850898520382,-0.26973925646211866
-0.0914019034500704,0.008055539221042636,-0.2063719304762108,-0.06058965589324018
-1.1516586266593405,1.7012580506504245,0.13792558449911588,-0.5401609068213479
1.5195611769159554,-1.6338378051953275,0.4133635964793772,0.7979753277704086
0.2453586269346361,1.7012580506504245,-0.4129504394614068,0.40309499753716255
0.8431004024962394,0.11067387324706578,0.8953801174448346,0.5847011139670871
0.5481491329158418,0.2132922072730889,-0.06865292448608014,0.3998737580370397
1.373882033800942,0.16198304026007734,0.4822230994744425,0.9502418165025188
-0.9938939940930812,1.1881663805203089,-0.9638264634219296,-0.5052473692504916
1.2638060893395973,-1.3772919701302695,1.652834650390553,0.6610953482741707
1.4375758295575058,-1.120746135065212,0.13792558449911588,0.8142274132557071
-0.3197196636236008,-0.04325362779196893,-0.3440909364663415,-0.22190894916143275
1.5969736363739335,0.3672197083121236,0.8953801174448346,1.1295148451026367
-0.985401487992206,0.7776930444162161,-1.3769834813923216,-0.556799688113799
-1.107562921904796,-0.4537269638960615,-1.0326859664169947,-0.811141393071747
-0.5516304071475016,0.8803113784422393,-1.3081239783972562,-0.24959900508573643
-0.6045452528529549,0.0593647062340542,0.5510826024695079,-0.39989951925208017
0.7003609730315287,-0.2484902958440152,1.2396776324201613,0.43819889013381735
-0.7162543715644677,1.4447122155853664,1.4462561414053572,-0.2819831140454324
-0.0515524517459635,-0.6589636319481077,-0.6883884514416682,-0.1267739911205614
-0.7554505535685072,0.11067387324706578,-2.1344380143380404,-0.4946288827433523
0.0464380032641354,-0.5563452979220846,-1.0326859664169947,-0.046289948186150634
-0.5545701207978045,0.008055539221042636,-1.10154546941206,-0.37331747267611787
2.4279326948595723,-0.2484902958440152,2.410289183336272,1.6046427709269344
-0.211930163112492,-1.0181278010391888,-1.3081239783972562,-0.2851854548031086
-0.4931627689914759,0.4185288753251352,-0.5506694454515375,-0.2745692773730814
1.1618960161290943,0.9316205454552507,0.6199421054645732,0.9145223917873534
0.6389536212251999,-0.6076544649350962,1.0330991234349651,0.3466114944944378
-1.046482204948501,0.8803113784422393,0.9642396204399,-0.5837193453015754
-2.4987007481981665,0.2132922072730889,-1.5147024873824522,-1.6573371551862905
1.8919249059543315,1.2394755475333203,2.410289183336272,1.450397394642167
-0.35630276682737105,-1.4286011371432812,0.2756445904892465,-0.439951185693487
1.4601136342098289,-0.14587196181799206,1.8594131593757488,0.9654999688948219
-0.7678626778697865,-1.4286011371432812,-1.3769834813923216,-0.7178334488432938
-0.2403473950654207,-1.1720553020782234,-1.927859505352844,-0.3258549624401376
0.018674041011274043,0.2646013742861005,0.5510826024695079,0.04953682074368344
-0.5777611951501945,0.8290022114292277,-0.13751242748114548,-0.27440312304461917
0.3750326623980004,1.5473305496113896,1.583975147395488,0.4691675655862499
-1.4048006354354292,-0.5050361309090731,-0.6883884514416682,-1.0189949383435974
0.6513657455264793,0.16198304026007734,0.9642396204399,0.4624040656395247
-0.040773501694852624,-1.325982803117258,-0.3440909364663415,-0.21258651795132136
-0.927260484686214,-0.14587196181799206,-1.1704049724071257,-0.646437698852747
-0.11557288235256145,-0.2997994628570268,-0.8261074574317988,-0.11987452329826588
1.5009429904640368,-1.120746135065212,0.7576611114547039,0.8570124601216299
-0.9707029197406912,1.752567217663436,0.8265206144497692,-0.4108201279632521
-0.5709018632994877,-0.8642003000001541,-0.9638264634219296,-0.5060781408928026
0.9989052259622968,1.496021382598378,-0.13751242748114548,0.8832409902211092
0.903527849752467,-0.14587196181799206,0.9642396204399,0.5896972892065119
-0.14137703550522082,0.11067387324706578,0.2067850874941812,-0.0800109028055456
-1.3956548596344869,-1.3772919701302695,-0.7572479544367335,-1.1345533712224372
0.5115660297120714,-1.325982803117258,1.4462561414053572,0.16034912251401434
1.4882042313127235,1.752567217663436,0.3445040934843119,1.2494161236174974
0.5298575813139567,1.034238879481274,-0.8261074574317988,0.502096229848893
-1.298317674324455,-1.5825286381823158,0.13792558449911588,-1.0974752092273485
0.17317232507719665,0.11067387324706578,0.2756445904892465,0.13237054117323518
0.9662417409589305,0.4698380423381467,0.06906608150405054,0.7179708490789376
-2.389931343136957,0.6237655433771815,-1.1704049724071257,-1.5266104454731577
1.7727031856920443,-0.0945627948049805,0.4822230994744425,1.183718963665118
-0.5529369465476361,0.6750747103901931,0.13792558449911588,-0.27912436965512555
0.9642819318587283,1.1881663805203089,-0.5506694454515375,0.8168987954979932
-2.0038489503971677,0.008055539221042636,-3.511628074239346,-1.3518600136250802
-3.0817439555082546,-1.0694369680522002,-1.6524214933725832,-2.230023686239941
1.1347853235763006,0.3672197083121236,0.00020657850898520382,0.8174486527558302
0.017040866761105732,0.6237655433771815,-0.4129504394614068,0.09855971099583062
0.920186227104184,0.3672197083121236,-0.4818099424564721,0.6725529012562882
1.1854137253315182,-1.0181278010391888,0.5510826024695079,0.658290991034092
2.2499167015912263,1.496021382598378,1.9282726623708144,1.7279148536050457
-0.8890442072322754,-0.0945627948049805,-2.409876026318301,-0.6134735461823222
-1.0379896988476258,-1.0694369680522002,-1.5835619903775175,-0.850095654074592
-0.08650238069956544,-0.2997994628570268,0.9642396204399,-0.10024633169482715
0.7019941472816971,0.3159105412991121,0.8265206144497692,0.5180703938274955
-1.7948026463756228,-0.14587196181799206,-0.13751242748114548,-1.2321958662542443
0.9378245090060016,0.4698380423381467,1.2396776324201613,0.6987837404328794
0.5729733815184002,0.7776930444162161,-0.06865292448608014,0.4954037067177309
-3.1261662951128333,0.16198304026007734,-1.6524214933725832,-2.0881581354140577
-1.6768874655134705,-0.8642003000001541,-1.6524214933725832,-1.2528315877382352
0.6445064136757723,1.496021382598378,0.13792558449911588,0.6439534858421091
0.5893051240200833,-0.2484902958440152,2.616867692321468,0.36321478737910756
0.2724693194874302,-0.4537269638960615,-0.7572479544367335,0.12064635439486665
0.24568526178466984,1.0855480464942855,-0.06865292448608014,0.31738594305196927
0.7111399230826396,-0.8128911329871424,1.2396776324201613,0.3667079626303713
1.7723765508420106,-1.120746135065212,1.0330991234349651,1.0402824289132881
-0.532685585845549,0.008055539221042636,0.6199421054645732,-0.35854119360386616
-0.08094958824899316,-1.120746135065212,-0.3440909364663415,-0.21106992117560316
-0.6496208621576004,-0.8128911329871424,-1.1704049724071257,-0.5520678375935133
1.3905404111526587,0.9829297124682624,1.2396776324201613,1.0760622265342368
1.3889072369024902,1.3420938815593435,0.7576611114547039,1.1250851167863838
-0.8547475479787408,-0.6589636319481077,-0.6883884514416682,-0.669085487220065
0.055257144215044296,-0.14587196181799206,0.5510826024695079,0.01695106904774383
-0.5477107889470976,-1.4799103041562929,0.13792558449911588,-0.5763492918696732
-0.9713561894407584,0.7263838774032045,0.6199421054645732,-0.5544772041937721
1.0642321959690293,-0.6589636319481077,1.9971321653658798,0.6265957000855811
-1.0275373836465485,-0.8642003000001541,-0.4818099424564721,-0.8143951281018736
0.08628745496824228,-0.2997994628570268,-0.2752314334712761,0.016420110532353576
-1.3355540472282927,0.7263838774032045,-0.4129504394614068,-0.800380952933482
-0.27954357706946026,0.7776930444162161,-0.6883884514416682,-0.08020955266401152
0.1859110842285095,0.11067387324706578,0.8953801174448346,0.14097165884215776
1.230815969486197,-1.4286011371432812,1.2396776324201613,0.6316598592627909
1.8066732100955447,-0.5050361309090731,1.1019586264300305,1.1493688801396553
-0.24002076021538704,-0.8128911329871424,-0.4818099424564721,-0.27550882331584853
-0.9595973348395466,-1.120746135065212,-0.5506694454515375,-0.8043264988525715
1.2151374966845816,-1.4286011371432812,-0.2752314334712761,0.6210738682856556
-1.2225383891166453,0.8290022114292277,-0.06865292448608014,-0.7097520019793163
-0.6048718877029886,0.2646013742861005,-0.4129504394614068,-0.37147686207614267
-0.041426771394919945,-1.5825286381823158,0.8953801174448346,-0.24883159922698683
-0.10675374140165254,0.0593647062340542,0.13792558449911588,-0.06379430572802837
-0.7561038232685746,-1.120746135065212,-0.6883884514416682,-0.6669291576285002
-0.4003984715819156,-0.9155094670131656,0.00020657850898520382,-0.39811628868011095
-0.5209267312443372,-0.8642003000001541,-0.6883884514416682,-0.472335294653183
-0.01529598339222691,-0.2997994628570268,-0.2063719304762108,-0.05216828934033679
-0.08323603219922883,0.6750747103901931,0.00020657850898520382,0.0380142767015585
1.0864433657713184,-0.8128911329871424,0.7576611114547039,0.6201101216455521
-1.550479778550443,1.3420938815593435,-0.6195289484466028,-0.8595676499478307
0.3730728532977984,1.7012580506504245,0.6199421054645732,0.48932671570507874
0.9652618364088292,0.008055539221042636,1.8594131593757488,0.6528620276699538
0.12972989002271945,1.5473305496113896,-0.13751242748114548,0.3035409150898174
1.9049902999556776,-1.223364469091235,0.9642396204399,1.1155006699342451
-2.0512110036520483,0.5211472093511583,-1.6524214933725832,-1.312230531398607
-0.32821216972447603,0.5724563763641699,0.4822230994744425,-0.1417134316434975
-2.9977987990496033,-0.2997994628570268,-2.8230330442886937,-2.0659325312616734
0.5680738587678952,1.2907847145463318,1.4462561414053572,0.5637035811739456
0.9156133392037126,-0.5050361309090731,0.8265206144497692,0.5477317262724551
1.3817212702017496,-0.5050361309090731,0.7576611114547039,0.8624444163635456
0.6984011639313267,-1.5825286381823158,1.0330991234349651,0.25069485000659414
-0.48140391439026403,-1.6338378051953275,-1.0326859664169947,-0.5530617706865086
-0.7231137034151746,1.6499488836374128,0.3445040934843119,-0.2579712864433013
0.9433773014565741,-0.8128911329871424,0.4133635964793772,0.5235129539791907
-0.8214307932753072,-0.5050361309090731,-0.13751242748114548,-0.6251078574026813
0.11274487782096898,1.3420938815593435,0.9642396204399,0.2634295595432928
1.7478789370894858,0.7776930444162161,0.8953801174448346,1.2886914055668217
0.14116210977389768,-0.2484902958440152,0.2067850874941812,0.06063187861598479
-1.2084930905651978,1.0855480464942855,-0.8261074574317988,-0.6644647200773477
-1.6334450304589934,-0.0945627948049805,-0.9638264634219296,-1.1160875761175677
-0.4791174704400283,1.034238879481274,0.06906608150405054,-0.17915639782551385
0.35151495319557663,1.4447122155853664,1.377396638410292,0.4389669797932326
1.0648854656690967,-0.4024177968830499,2.1348511713560105,0.6628407813612466
-0.7985663537729507,-1.5312194711693043,-0.9638264634219296,-0.752885947167498
1.575089101421678,0.4698380423381467,0.7576611114547039,1.129060165357699
1.100162029472732,0.3672197083121236,-0.4818099424564721,0.7940712560146558
-0.5290926024951788,-0.5050361309090731,-0.5506694454515375,-0.4277232339748423
-0.29097579682063845,1.2394755475333203,-0.4818099424564721,-0.023481307445260075
-0.6130377589538302,-0.9668186340261772,-1.3081239783972562,-0.548849590971168
0.3263640697429846,1.5986397166244013,-0.06865292448608014,0.4434676849250487
1.6551146396799257,-0.6589636319481077,1.583975147395488,1.025555235036375
-0.9478384802383348,0.7263838774032045,-0.6195289484466028,-0.5385982177280689
0.11143833842083434,1.393403048572355,0.4822230994744425,0.2697081932921885
0.5017669842110616,1.5986397166244013,0.13792558449911588,0.561898458981752
-0.041426771394919945,-0.6589636319481077,-0.5506694454515375,-0.11993720528116138
-0.4686651552389512,-0.9668186340261772,-0.4129504394614068,-0.4513702573900454
-1.0079392926445288,-0.4537269638960615,-0.4818099424564721,-0.7438762420711986
-0.8433153282275626,0.8290022114292277,-0.06865292448608014,-0.45370334521985156
0.09020707316864623,-0.14587196181799206,1.2396776324201613,0.040549007267608364
-1.3603782958308508,1.1881663805203089,-1.0326859664169947,-0.7526949083410335
-1.033743445797188,-1.2746736361042466,-0.8949669604268642,-0.8758718135062454
-0.06657765484751199,-0.5050361309090731,0.8953801174448346,-0.11543650014934533
-0.5330122206955827,-1.4286011371432812,-1.2392644754021909,-0.5592641256649517
-1.054974711049376,-0.9668186340261772,-2.1344380143380404,-0.8472422116391746
-0.5176603827440006,-0.4024177968830499,0.2756445904892465,-0.4056826828933671
-1.1689702737111245,1.6499488836374128,-0.5506694454515375,-0.5590104048555918
-0.10577383685155156,-0.9668186340261772,1.583975147395488,-0.2063486745650968
0.11470468692117095,0.5724563763641699,-0.6883884514416682,0.15734081346058013
2.5964762774769423,-1.223364469091235,1.652834650390553,1.5823869803216584
-0.06461784574731001,-1.223364469091235,1.4462561414053572,-0.21436444656840098
2.8564776181037383,0.2646013742861005,1.9282726623708144,1.9656011876052077
0.5145057433623744,-0.2484902958440152,0.9642396204399,0.31271078875902364
0.16761953262662435,0.9829297124682624,1.1019586264300305,0.2503549303176682
-1.7987222645760268,0.5724563763641699,-1.0326859664169947,-1.1345911687073302
0.08236783676783832,-1.3772919701302695,-0.2063719304762108,-0.13660318014872663
-0.5973592861522143,1.3420938815593435,-1.4458429843873868,-0.21602761512946886
-0.6535404803580044,-1.5825286381823158,0.2067850874941812,-0.6621263302926517
0.4090026868015013,1.4447122155853664,1.0330991234349651,0.47778228004272943
-0.05971832299680507,-0.9155094670131656,-1.0326859664169947,-0.1680915264061043
-1.5837965332538766,0.4698380423381467,-1.1704049724071257,-1.003796475056412
-1.6883196852646487,-0.9668186340261772,-1.7901404993627137,-1.2748721388197104
0.3165650242419747,-0.6589636319481077,-0.5506694454515375,0.12177625536343235
0.3100323272413014,0.9829297124682624,-0.8261074574317988,0.3465110150266489
1.1743081404303737,1.7012580506504245,2.616867692321468,1.0303149629324404
-0.36512190777828,0.2132922072730889,0.4822230994744425,-0.2167602163811028
0.06374965031591953,1.0855480464942855,-0.13751242748114548,0.19454433942145946
-0.8730390995806259,-0.7615819659741309,-0.06865292448608014,-0.695757409354037
-1.203593567814693,1.752567217663436,-0.2752314334712761,-0.5680662022694523
1.1834539162313162,0.7776930444162161,0.4133635964793772,0.907595730389944
0.7078735745823029,-0.2997994628570268,0.06906608150405054,0.4361105444800378
1.7351401779381732,0.9316205454552507,0.7576611114547039,1.3015726868888702
2.5801445349752594,0.7776930444162161,2.3414296803412067,1.8506310932697643
1.1540567797282866,1.6499488836374128,2.8923057043017293,1.0094805915899836
-1.8509838405814132,-1.6338378051953275,-1.1704049724071257,-1.4777921908350318
-0.7387921762167904,1.2907847145463318,-0.5506694454515375,-0.3186828750660356
0.4593044537066854,-1.0181278010391888,-0.2752314334712761,0.16802728390550453
0.6350340030247961,1.7012580506504245,0.4133635964793772,0.6662009816147175
-0.2494931708663633,-1.5825286381823158,-1.10154546941206,-0.3893165211527224
1.4780785509616805,0.16198304026007734,1.5151156444004226,1.0205945482047318
0.11503132177120462,0.008055539221042636,0.06906608150405054,0.0787925586390438
1.0465939140672114,0.5724563763641699,0.8953801174448346,0.7865456521640708
-1.3375138563284947,1.034238879481274,-0.6883884514416682,-0.7587394038236821
-1.978044797244508,-0.6589636319481077,-0.5506694454515375,-1.4275276324360848
-0.7835411506714023,-1.0694369680522002,-0.13751242748114548,-0.6782938421748305
-0.6659526046592836,0.8290022114292277,-0.4129504394614068,-0.3339493222910064
2.1502930723309586,0.16198304026007734,2.1348511713560105,1.4744689113494156
0.3423691773946341,-0.0945627948049805,0.00020657850898520382,0.21796782848019453
-0.6584400031085094,-1.4286011371432812,0.3445040934843119,-0.6439520534820357
0.6281746711740892,-1.325982803117258,0.9642396204399,0.23908243040645966
0.72812493528439,-0.7102727989611193,1.377396638410292,0.39249771884958207
-0.6166307423042005,1.1368572135072972,1.377396638410292,-0.2576827610268258
-0.3213528378737691,1.7012580506504245,-0.06865292448608014,0.020455532009452642
0.8708643647491008,-0.19718112883100364,0.2067850874941812,0.5604823416738227
2.4703952253639483,-1.5312194711693043,1.5151156444004226,1.4542931715652518
-1.4061071748355638,0.9829297124682624,-0.5506694454515375,-0.8122139140123068
0.8440803070463404,-1.0694369680522002,0.8265206144497692,0.42066434613904785
0.8257887554444553,-0.3511086298700383,-0.8261074574317988,0.5085652186235873
0.6618180607275564,0.7263838774032045,-0.3440909364663415,0.5482301892578416
0.7477230262864099,-1.0181278010391888,1.4462561414053572,0.3627654095890596
-0.4017050109820503,-0.6589636319481077,-0.5506694454515375,-0.3631944562765874
-0.5196201918442026,-0.6076544649350962,-1.4458429843873868,-0.4356491304201369
-0.7590435369188775,1.2907847145463318,0.13792558449911588,-0.3323564467448355
-0.4115040564830601,0.4698380423381467,-0.2752314334712761,-0.21227310803684377
0.9077741028029048,0.008055539221042636,0.00020657850898520382,0.6140467274204572
-0.3546695925772028,1.5986397166244013,0.3445040934843119,-0.016361298144274273
-0.971682824290792,-0.5050361309090731,-0.3440909364663415,-0.7265569376002295
0.8956886133516592,1.752567217663436,0.8265206144497692,0.8493538812732521
-1.31301624257597,-0.5050361309090731,-1.4458429843873868,-0.9570227828316169
-0.9102754724844636,1.0855480464942855,-0.8261074574317988,-0.46311035003308304
0.1904839721289808,0.7776930444162161,0.00020657850898520382,0.2371496351713629
0.6536521894767149,0.2132922072730889,1.0330991234349651,0.4711086556540139
0.4060629731511983,1.2907847145463318,0.8265206144497692,0.45431500774354555
-0.931180102886618,-1.223364469091235,-1.1704049724071257,-0.7994609895338274
0.18199146602810554,-0.4537269638960615,0.4822230994744425,0.05955636479764724
0.21073533283106788,1.034238879481274,1.1019586264300305,0.2866272051684478
0.08138793221773734,0.7263838774032045,0.8953801174448346,0.1563279816251381
-0.18285966145949606,1.2907847145463318,0.5510826024695079,0.05667872166489367
1.2644593590396649,-0.04325362779196893,0.4133635964793772,0.8477172224866326
-0.047632833545559534,-1.2746736361042466,-0.2752314334712761,-0.21005708934016115
-0.19069889786030395,1.5986397166244013,-0.06865292448608014,0.09435052415826777
-0.08029631854892584,1.2907847145463318,-0.2752314334712761,0.12592874597365503
-0.871079290480424,1.034238879481274,-0.06865292448608014,-0.4438061722539011
-0.690776853261842,0.11067387324706578,-1.10154546941206,-0.45096166996266845
-0.07507016094838724,-1.5312194711693043,-0.2752314334712761,-0.2643865718684331
-1.643244075960003,-1.325982803117258,-1.4458429843873868,-1.2945630124060445
1.1445843690773103,-1.0181278010391888,-0.2063719304762108,0.6307233061978017
-0.6937165669121449,-1.120746135065212,-0.5506694454515375,-0.6248057351986486
-0.08486920644939712,0.5211472093511583,-0.2752314334712761,0.015429170317135981
0.2538511330355114,-0.9668186340261772,0.4133635964793772,0.03646749347294852
1.218730480034952,0.6750747103901931,2.616867692321468,0.9170926107611851
0.3397560985943648,0.7776930444162161,1.170818129425096,0.3379370909328404
-0.2766038634191573,-0.4537269638960615,0.6888016084596386,-0.2500838712835659
0.0853075504181413,-1.2746736361042466,-0.2752314334712761,-0.1202967075131998
-0.3945190442813096,-1.1720553020782234,-0.6883884514416682,-0.42995054038196995
-0.3210262030237355,0.6237655433771815,0.00020657850898520382,-0.12970071944865347
0.4279475081034538,-1.6338378051953275,-0.3440909364663415,0.06092570598734996
-0.2279352707641415,0.7263838774032045,-1.4458429843873868,-0.0525247986945975
1.1047349173732035,1.0855480464942855,1.2396776324201613,0.897410032007518
0.5066665069615666,-0.7615819659741309,0.2067850874941812,0.23580979663388624
1.4597869993597952,-0.4537269638960615,0.5510826024695079,0.9223146294341897
-0.4817305492402977,-0.2484902958440152,0.2756445904892465,-0.35994072124646065
-1.9845774942451808,1.034238879481274,-0.9638264634219296,-1.1956320731092112
-1.523695720847683,1.7012580506504245,0.2756445904892465,-0.7913576510496256
0.4753095613583349,-1.5312194711693043,0.8953801174448346,0.10722581972476071
-1.9091248438874049,0.8803113784422393,-0.6883884514416682,-1.1661693905227177
0.0163875970610384,0.9829297124682624,-0.06865292448608014,0.14824422568404874
0.6229485135735505,-0.9668186340261772,-0.6883884514416682,0.28567936439301317
1.2033786420833696,-0.9155094670131656,1.4462561414053572,0.6847423716893737
-2.520585283150422,-0.04325362779196893,-1.7901404993627137,-1.7079174325768272
0.060156666965549235,-0.2484902958440152,0.06906608150405054,0.005937591900784728
0.323097721242648,1.752567217663436,0.6199421054645732,0.46274466912911644
1.4996364510639018,-0.8128911329871424,1.4462561414053572,0.8990950921888101
0.4890282250597488,0.008055539221042636,-0.2063719304762108,0.3313125517394634
0.007895090960163166,0.5724563763641699,-0.6883884514416682,0.08522374992884461
-0.9125619164346992,-0.0945627948049805,0.6888016084596386,-0.6293525326480255
-0.8629134192295823,-0.04325362779196893,-0.3440909364663415,-0.5886694282234395
1.1847604556314508,-0.8642003000001541,1.7216941533856187,0.6793323070676821
-0.9876879319424416,-0.0945627948049805,-0.7572479544367335,-0.6800770727467997
1.2442079983375776,0.4698380423381467,1.170818129425096,0.9056516474444022
1.0433275655668748,0.2646013742861005,1.583975147395488,0.7413754393952259
0.21726802983174115,-0.7102727989611193,0.3445040934843119,0.047570846177917264
-2.491514781497426,1.5473305496113896,-1.7901404993627137,-1.4663044514000225
-2.719179271970889,-0.04325362779196893,-1.5147024873824522,-1.8420066516205433
0.9120203558533424,-0.6076544649350962,-0.2752314334712761,0.5309841706795476
0.4619175325069547,-0.3511086298700383,0.4822230994744425,0.2628820113625678
0.6722703759286337,0.3159105412991121,0.3445040934843119,0.4980011192666763
-1.2591214923204157,0.8290022114292277,-0.8949669604268642,-0.7344526475926326
1.7632307750410683,1.6499488836374128,2.2725701773461413,1.4207904493474357
1.753431729540058,-0.5563452979220846,0.6888016084596386,1.106259819449476
0.5386767222648655,0.2132922072730889,1.5151156444004226,0.39347805515502027
0.8666181116986632,0.5211472093511583,1.4462561414053572,0.6578664977420462
0.33910282889429744,0.4698380423381467,0.6888016084596386,0.29453120999351795
0.2933739498895846,-1.6338378051953275,0.8953801174448346,-0.029937383233063015
-0.3772073972295255,1.0855480464942855,-0.4818099424564721,-0.10318665681047622
-1.0513817276990058,-1.5825286381823158,-0.7572479544367335,-0.9307458513374648
-0.8420087888274279,-0.0945627948049805,-0.8261074574317988,-0.5817155732509157
-0.5431379010466263,-1.0694369680522002,-0.4818099424564721,-0.515975313858753
0.09184024741881457,-1.5312194711693043,1.2396776324201613,-0.15168987625767819
0.7686276566885643,-1.223364469091235,0.8265206144497692,0.34823686557061234
-0.7923602916223111,-1.5825286381823158,-0.6195289484466028,-0.7558564587360389
-0.7378122716666894,-0.3511086298700383,-0.6195289484466028,-0.5471668398669877
0.2411123738841985,1.2394755475333203,0.6199421054645732,0.33578076134127566
-0.5493439631972659,-0.6076544649350962,-1.3769834813923216,-0.4557184049809562
0.3926709442998181,0.4698380423381467,1.4462561414053572,0.3307000124987308
2.3675052476033445,1.0855480464942855,1.7216941533856187,1.7500233886243057
-0.8632400540796159,-1.325982803117258,-2.065578511342975,-0.7679099612935539
1.2445346331876113,1.2907847145463318,0.8265206144497692,1.020444983541604
-0.5666556102490501,0.0593647062340542,-1.0326859664169947,-0.3743167077240028
-0.3298453439746444,0.9829297124682624,-0.7572479544367335,-0.08552974172769336
0.3155851196918737,-1.325982803117258,1.0330991234349651,0.02802423529982077
-0.8420087888274279,1.496021382598378,-0.06865292448608014,-0.3597307836775497
1.3810680005016824,-0.0945627948049805,1.2396776324201613,0.9192897307154209
1.2850373545917857,-0.4024177968830499,1.4462561414053572,0.8114857379985242
0.3779723760483033,-1.4286011371432812,0.3445040934843119,0.05582605840235848
0.4194550020025785,-1.223364469091235,0.6888016084596386,0.11247802485065729
0.7500094702366454,-0.19718112883100364,0.3445040934843119,0.4788819945584033
0.40540970345113103,0.0593647062340542,0.4822230994744425,0.28201473285839773
-1.7193499960178469,0.8290022114292277,-0.2752314334712761,-1.0451955910672972
0.5148323782124081,-1.120746135065212,-0.06865292448608014,0.19119773595554548
-0.12177894450320105,0.2132922072730889,0.06906608150405054,-0.05245681475681231
1.1246596432252571,-0.9668186340261772,1.170818129425096,0.624431075661349
-0.8034658765234557,1.2907847145463318,-0.4818099424564721,-0.36235008784671946
-0.5264795236949095,-1.1720553020782234,-1.2392644754021909,-0.5190492977728604
-0.15346252495646634,-0.04325362779196893,0.6888016084596386,-0.10965333650805845
2.2920525972455685,1.393403048572355,1.9971321653658798,1.7420431050287832
-0.28215665586972954,0.5211472093511583,-0.3440909364663415,-0.11777788281181893
-0.1795933129591594,1.2394755475333203,1.1019586264300305,0.051723336788139965
-0.4693184249390185,1.7012580506504245,0.06906608150405054,-0.07944975783726359
-1.714123838417308,-1.3772919701302695,-1.5147024873824522,-1.3495813129455017
-1.713470568717241,-1.1720553020782234,-0.9638264634219296,-1.3204970313334932
-0.5124342251434619,0.6237655433771815,0.13792558449911588,-0.2589380259611825
-0.9308534680365844,0.0593647062340542,-1.5147024873824522,-0.6202204564637128
0.9904127198614214,-1.0694369680522002,0.6199421054645732,0.5194669285923124
-0.9439188620379309,-0.5050361309090731,0.6199421054645732,-0.7078109119115523
0.22314745713234707,1.0855480464942855,-0.2752314334712761,0.30216858102233696
-0.5045949887426541,-0.8642003000001541,-1.3081239783972562,-0.4613082207186669
-0.17567369475875544,-1.223364469091235,0.9642396204399,-0.2893485493231107
-0.7345459231663528,0.7263838774032045,-0.13751242748114548,-0.3945846321432881
-1.4952784888947541,0.2132922072730889,0.06906608150405054,-0.9798337326496196
-0.0100698257916883,-1.325982803117258,-0.2752314334712761,-0.191855618954431
0.9368446044559008,-0.5563452979220846,-0.7572479544367335,0.5549061227236691
0.5621944314672892,-1.1720553020782234,-0.13751242748114548,0.21601545070198527
-0.3984386624817136,1.4447122155853664,-0.7572479544367335,-0.06739625527974842
2.057855409771432,-1.120746135065212,0.9642396204399,1.23303568128863
-0.9168081694851368,1.5473305496113896,1.9282726623708144,-0.4030739826339766
0.2969669332399549,0.2132922072730889,-0.2063719304762108,0.2302773609241814
0.8166429796435127,-0.2484902958440152,1.652834650390553,0.5167116565475722
-1.7258826930185198,1.5986397166244013,0.3445040934843119,-0.942194425686249
1.3284797896462626,0.8803113784422393,0.6888016084596386,1.0198377462557613
0.3041528999406955,0.4698380423381467,-0.3440909364663415,0.2709332717736534
0.8123967265930749,0.3672197083121236,0.2756445904892465,0.5997742132884815
0.0755085049171314,-0.19718112883100364,0.8265206144497692,0.02346384106288687
-0.5614294526485114,0.6750747103901931,-0.6883884514416682,-0.28485844810107397
-0.6385152772564558,0.008055539221042636,1.1019586264300305,-0.42999663269953076
-0.9857281228422397,-0.4024177968830499,0.2756445904892465,-0.7217186218565996
-0.18906572361013566,0.5724563763641699,-0.06865292448608014,-0.04776276172142002
1.3758418429011436,-1.120746135065212,0.2756445904892465,0.7725450737832361
-0.8384158054770576,-1.2746736361042466,-0.6195289484466028,-0.7439880092494325
1.0145836987639123,-1.120746135065212,-0.2752314334712761,0.5286261983517392
-0.35826257592757305,0.4698380423381467,-0.13751242748114548,-0.17632484701032117
-1.1091960961549645,0.4698380423381467,-0.8949669604268642,-0.6833497065193733
0.18264473572817289,0.0593647062340542,0.4822230994744425,0.13160544439159758
1.1086545355736075,1.496021382598378,1.2396776324201613,0.9573429270610577
-0.5153739387937649,-1.0181278010391888,0.2067850874941812,-0.49006848850641843
0.07681504431726606,-1.2746736361042466,-0.8949669604268642,-0.1260307859591482
-0.4131372307332285,0.0593647062340542,0.8953801174448346,-0.2706622127395511
-0.623816709004941,-1.325982803117258,-1.3081239783972562,-0.6062530574135474
-1.149045547859071,-1.5312194711693043,-0.9638264634219296,-0.9895269538022142
-0.12504529300353767,-1.2746736361042466,-0.8949669604268642,-0.26232541978976764
0.2460118966347035,-0.6076544649350962,-0.7572479544367335,0.0813000956299796
0.40540970345113103,1.752567217663436,1.5151156444004226,0.5183211217590776
-0.01333617429202493,-0.2997994628570268,-1.0326859664169947,-0.05084504046819485
1.0913428885218233,1.496021382598378,1.0330991234349651,0.9456542286904706
-1.6203796364576468,-1.4799103041562929,-0.8261074574317988,-1.300607507888693
-0.3184131242234662,0.8290022114292277,-0.7572479544367335,-0.09929318896450298
-1.4942985843446532,-1.223364469091235,-3.2361900622590856,-1.1796744987959438
-0.2295684450143098,1.752567217663436,-0.2063719304762108,0.08958848718509028
0.0464380032641354,-1.3772919701302695,-1.0326859664169947,-0.16086274280466215
0.6771698986791386,-1.5825286381823158,0.6199421054645732,0.23635965389172314
-0.34781026072649585,0.6237655433771815,-0.13751242748114548,-0.1477851207012599
0.26430344823658863,-0.2997994628570268,-0.13751242748114548,0.13661521641857946
-0.34389064252609186,1.496021382598378,-0.6883884514416682,-0.023405028674807555
2.0069003731661805,0.6750747103901931,0.6888016084596386,1.4492591988409336
-0.5682887844992184,-0.7615819659741309,0.06906608150405054,-0.48999220973596597
1.4372491947074724,0.11067387324706578,0.8953801174448346,0.9858660637047841
-0.5388916479961887,0.8290022114292277,0.4133635964793772,-0.2481586870804708
-0.5457509798468956,1.752567217663436,-0.6195289484466028,-0.12389566418714214
1.6286572168271989,-0.9155094670131656,0.6888016084596386,0.9718873769441739
-0.8423354236774616,-1.4799103041562929,-1.2392644754021909,-0.7752777056483443
-0.7564304581186082,-0.6076544649350962,-0.8261074574317988,-0.595541702470621
0.43252039600392506,1.5986397166244013,0.8953801174448346,0.5151436654994036
-1.5658316165020252,0.6750747103901931,-1.3081239783972562,-0.9630234950738163
-0.13157799000421094,0.9316205454552507,0.5510826024695079,0.041178136173675564
-0.456253030937672,1.393403048572355,-1.3769834813923216,-0.11359289667159252
-0.2635384694178108,1.752567217663436,-0.6883884514416682,0.06665217340129671
1.0864433657713184,-0.9155094670131656,1.583975147395488,0.6057885223182382
-0.3406242940257552,-1.6338378051953275,-1.2392644754021909,-0.4580083933709794
1.0171967775641817,-1.5312194711693043,-1.4458429843873868,0.4731041328720061
-0.9047226800338912,-1.325982803117258,-1.2392644754021909,-0.795918729087225
-1.4632682735914548,-0.5050361309090731,-0.3440909364663415,-1.0584718630291652
-0.2883627180203692,-0.14587196181799206,-1.3769834813923216,-0.21505856653447575
1.417324468855419,0.8803113784422393,0.9642396204399,1.079825028459529
0.8231756766441859,1.496021382598378,0.4822230994744425,0.7645896746857155
-1.5099770571462687,1.2907847145463318,-0.9638264634219296,-0.8393813062538876
-0.3886396169807037,0.4698380423381467,-0.13751242748114548,-0.19683520452852118
-1.5481933346002072,-0.19718112883100364,0.2067850874941812,-1.0728478495067073
0.1761120387274996,0.16198304026007734,0.13792558449911588,0.14151621414510504
-0.4536399521374026,-0.5563452979220846,-0.4818099424564721,-0.38393895206103473
-1.7409078961200686,-0.5563452979220846,-1.0326859664169947,-1.2530929195795968
0.49752073116062395,0.11067387324706578,0.5510826024695079,0.35136822951272567
-1.1291208220070177,1.752567217663436,-0.4818099424564721,-0.5177827451280587
0.19832320852978869,-1.120746135065212,0.6199421054645732,-0.02250695689537723
0.5958378210207566,0.0593647062340542,0.2067850874941812,0.4105904149348559
-3.0376482507537106,0.2132922072730889,-2.6164545353034976,-2.0212305950253233
-0.08486920644939712,0.8290022114292277,-0.9638264634219296,0.0583939682990778
1.269032246940136,0.0593647062340542,-0.13751242748114548,0.865126402515611
2.198308395285907,1.496021382598378,2.065991668360945,1.6930692999719743
-0.04599965929539123,-0.9155094670131656,-0.7572479544367335,-0.15882878430111078
0.2443787223845352,-1.120746135065212,-1.2392644754021909,0.008589391599958291
-1.3208554789767781,-0.6589636319481077,0.2067850874941812,-0.9837981773111558
1.15079043122795,0.7776930444162161,1.2396776324201613,0.8855415825209118
-2.186111196715951,-0.0945627948049805,-0.8949669604268642,-1.4892437580615936
0.7082002094323366,1.6499488836374128,1.4462561414053572,0.7084414731776929
-0.9746225379410952,-0.8642003000001541,-1.927859505352844,-0.7786674085540415
-1.693872477715221,-1.1720553020782234,-1.5147024873824522,-1.307264542612074
-0.5901733194514738,0.5724563763641699,-1.2392644754021909,-0.3185876975531363
0.6536521894767149,0.008055539221042636,0.2067850874941812,0.442465456999386
-0.1381106870048842,-0.5563452979220846,0.2067850874941812,-0.170895883646183
0.8731508086993364,1.034238879481274,0.8953801174448346,0.7338853239524222
1.2677257075400012,-0.6589636319481077,-0.5506694454515375,0.7639930413096521
1.93994022890928,0.7776930444162161,1.1019586264300305,1.4183697950367318
-0.2220558434635356,0.7776930444162161,0.7576611114547039,-0.041394252414514734
1.4421487174579772,-0.5050361309090731,0.7576611114547039,0.9032445899212553
0.17513213417739862,1.5986397166244013,0.4822230994744425,0.3413569802914293
0.5595813526670199,-0.0945627948049805,-0.2752314334712761,0.3646279118092591
0.3074192484410321,1.2394755475333203,0.13792558449911588,0.38055068151541116
1.087749905171453,-0.8642003000001541,-0.8949669604268642,0.6138314878966563
-0.3259257257742404,-0.6589636319481077,-0.7572479544367335,-0.31202883322043246
-1.185955285912875,-0.5050361309090731,0.2756445904892465,-0.8712321476210814
2.331902048949676,0.2646013742861005,1.4462561414053572,1.6114115728285494
-0.6646460652591489,1.393403048572355,-0.3440909364663415,-0.2542983600760184
0.3769924714982024,1.4447122155853664,0.4133635964793772,0.45616921513107783
1.241921554387342,-1.4286011371432812,1.0330991234349651,0.6391582695382622
0.1205841142217769,0.11067387324706578,0.13792558449911588,0.09686336310409323
1.7994872433948046,1.1881663805203089,0.7576611114547039,1.3808233565091483
-1.3345741426781916,0.6237655433771815,-0.9638264634219296,-0.8140409278247248
1.8125526373961511,-0.6076544649350962,0.8265206144497692,1.1390170274287676
-0.5663289753990164,0.9829297124682624,-0.2063719304762108,-0.24520177229948703
0.35576120624601426,1.5473305496113896,-0.06865292448608014,0.45615561834352075
-0.7649229642194835,-0.2484902958440152,-1.7212809963676483,-0.5511501832709705
-0.7776617233707963,-1.0694369680522002,0.2067850874941812,-0.6743240955584047
-0.21258343281255931,0.3159105412991121,-1.3081239783972562,-0.09944574650540804
-0.3778606669295928,0.8803113784422393,-0.5506694454515375,-0.13227093842248475
0.0340258789628562,-1.2746736361042466,-1.1704049724071257,-0.15492171966758048
-1.4061071748355638,-0.2484902958440152,-1.3769834813923216,-0.984073105940074
0.3645803471969232,-1.5825286381823158,-0.8261074574317988,0.025301458785084396
-0.5800476391004302,1.034238879481274,-0.8261074574317988,-0.24730371474082363
-0.23544787231491576,0.3159105412991121,-1.3081239783972562,-0.11488365001373067
-0.6251232484050757,-1.0694369680522002,0.00020657850898520382,-0.5713312250100239
0.611842928672406,-1.325982803117258,-0.13751242748114548,0.22805535647194347
-1.45836875084095,1.496021382598378,-0.7572479544367335,-0.7758925539661887
0.5844056012695783,0.0593647062340542,-0.9638264634219296,0.40287146318069456
0.8235023114942196,0.2646013742861005,-0.13751242748114548,0.5929510242366386
2.2930325017956688,-0.4024177968830499,2.065991668360945,1.4920767412368596
0.7405370595856693,0.8290022114292277,-0.6195289484466028,0.6157022849495233
-1.0602008686499147,0.5211472093511583,-0.8949669604268642,-0.6431076850521676
-1.0928643536532812,-0.14587196181799206,1.170818129425096,-0.7582522285487406
-0.7645963293694498,-1.0694369680522002,-0.8949669604268642,-0.6655024364107918
0.2042026358303946,-1.4286011371432812,0.8265206144497692,-0.061502008260893234
0.7323711883348276,0.16198304026007734,0.06906608150405054,0.5170983523547247
-0.4640922673384799,0.3672197083121236,1.170818129425096,-0.26210188543329965
0.6755367244289703,1.393403048572355,0.8265206144497692,0.6505833269903757
0.5687271284679625,0.0593647062340542,1.9282726623708144,0.3922854722035591
0.19701666912965404,1.752567217663436,0.6199421054645732,0.3776156583546518
-1.0703265490009584,1.3420938815593435,-1.3081239783972562,-0.5353716762730562
-0.8488681206781349,-1.2746736361042466,-1.5835619903775175,-0.7510453365675229
-0.06069822754690606,0.7776930444162161,1.2396776324201613,0.0675532380585047
1.1991323890329322,-0.4024177968830499,0.7576611114547039,0.7534833291029692
-0.16489474470764456,0.4698380423381467,0.00020657850898520382,-0.04576429162565007
-0.10740701110171988,1.2394755475333203,-0.3440909364663415,0.10046300357870129
1.3428517230477437,1.393403048572355,1.2396776324201613,1.1011495679547052
-0.20049794336131385,-1.0181278010391888,-0.7572479544367335,-0.2774665030489473
-0.5251729842947749,-1.223364469091235,-0.4129504394614068,-0.5253279315217562
0.17480549932736494,-1.6338378051953275,-0.4818099424564721,-0.10999393999765016
-1.2418098452686317,1.5986397166244013,-1.8590000023577788,-0.6153519542671909
0.08563418526817496,-1.5825286381823158,-1.10154546941206,-0.1630409640164513
-0.5415047267964579,0.0593647062340542,0.6888016084596386,-0.35733501386484784
-0.3448705470761929,-1.223364469091235,-0.8261074574317988,-0.4035890352846979
-0.07311035184818526,0.11067387324706578,-1.4458429843873868,-0.03391773375926816
-0.0015773196908130626,-0.9668186340261772,-0.13751242748114548,-0.13599594286288386
-2.3125188836789787,-1.1720553020782234,-2.065578511342975,-1.724970103251545
0.5376968177147645,-0.5563452979220846,1.9971321653658798,0.28540443576409474
1.3853142535521201,1.5986397166244013,2.479148686331337,1.1584631588390752
1.04822708831738,0.6237655433771815,0.8953801174448346,0.7948091592211797
-0.3249458212241394,-0.3511086298700383,-1.10154546941206,-0.26840241080241967
-1.1444726599586001,1.2907847145463318,-2.2032975173331057,-0.5925953915994167
-0.07017063819788229,1.752567217663436,0.5510826024695079,0.19721272878596777
0.5442295147154378,-0.6076544649350962,0.7576611114547039,0.28265446567424424
-1.4443234522895023,0.6750747103901931,-1.1704049724071257,-0.8809820650010163
-2.1714126284644357,-1.5312194711693043,-1.10154546941206,-1.679821782102924
0.9659151061088967,-0.7102727989611193,1.9282726623708144,0.553051915336137
-1.836285272329898,1.4447122155853664,-0.2063719304762108,-1.038219844474549
-0.7783149930708636,0.5724563763641699,0.00020657850898520382,-0.4456195892787622
0.4782492750086378,-1.325982803117258,-0.06865292448608014,0.13785389168760143
2.569365584924148,-1.120746135065212,1.2396776324201613,1.5784036369176755
-1.4129665066862709,0.2132922072730889,-0.6883884514416682,-0.9242572800196582
-0.2370810465650841,1.5473305496113896,-0.5506694454515375,0.05587283452058496
-0.04240667594502093,1.496021382598378,1.0330991234349651,0.1801547561563603
2.6644163262839444,0.11067387324706578,1.583975147395488,1.814440399144327
0.07844821856743436,1.7012580506504245,-0.06865292448608014,0.2903983019264077
1.9056435696557448,-0.5050361309090731,1.8594131593757488,1.216192948182823
-0.20474419641175146,0.4698380423381467,-0.9638264634219296,-0.07267035202586944
-0.4461273505866284,0.4698380423381467,-0.8261074574317988,-0.235650504778018
0.12189065362191155,-1.0694369680522002,0.06906608150405054,-0.06695286324525576
-1.394348320234352,-0.2997994628570268,-0.5506694454515375,-0.9832944123708794
-0.9125619164346992,1.7012580506504245,-0.8261074574317988,-0.3787245444200315
-1.2816592969727385,-1.4286011371432812,-1.3769834813923216,-1.0647451948231714
-0.23218152381457915,1.496021382598378,0.4822230994744425,0.05202015703728281
-0.15084944615619705,-1.2746736361042466,0.3445040934843119,-0.2797481966063031
-1.9571401668423531,1.5473305496113896,-0.4818099424564721,-1.1054985922626543
-1.2930915167239163,1.496021382598378,-0.2063719304762108,-0.6642985657488854
0.9639552970086948,1.6499488836374128,1.0330991234349651,0.8811254509922156
-0.25831231181727216,1.034238879481274,0.9642396204399,-0.030070358230855705
0.36131399869658654,-0.0945627948049805,-0.3440909364663415,0.2307592342442332
-0.3598957501777413,-0.7102727989611193,-0.2752314334712761,-0.342125946667883
0.09771967471942047,-1.223364469091235,0.06906608150405054,-0.10475533165931059
-0.7544706490184062,-0.9668186340261772,-0.9638264634219296,-0.6443440512440778
-0.3598957501777413,0.2646013742861005,-0.5506694454515375,-0.20607075305840059
-0.19657832516090987,-0.4537269638960615,-0.2063719304762108,-0.19605120900443682
0.6546320940268159,-0.3511086298700383,0.13792558449911588,0.3930014837898582
-0.5117809554433946,-0.5563452979220846,-0.8261074574317988,-0.4231953352679122
0.3936508488499191,-0.5050361309090731,-0.13751242748114548,0.19530644332531932
-1.310076528925667,1.3420938815593435,0.7576611114547039,-0.6972491216317532
-1.4557556720406806,0.8290022114292277,-0.4818099424564721,-0.8672186177642067
0.4740030219582002,-0.2484902958440152,0.13792558449911588,0.2853636454014236
0.018674041011274043,1.1881663805203089,0.06906608150405054,0.1784312146895089
-0.6767315547103945,0.008055539221042636,0.6888016084596386,-0.45579998570629854
1.9876289170141943,1.7012580506504245,1.5151156444004226,1.579463244871344
-0.7146211973142994,-0.6589636319481077,-0.06865292448608014,-0.5744731928619166
0.9930257986616908,-0.3511086298700383,0.3445040934843119,0.6214824557130326
0.5145057433623744,-1.1720553020782234,0.5510826024695079,0.1838163948131982
-0.2615786603176088,-0.5050361309090731,0.4133635964793772,-0.24709976292746802
1.8893118271540617,0.6237655433771815,0.7576611114547039,1.3627034668487603
-0.6535404803580044,-0.5050361309090731,0.3445040934843119,-0.5117495373558554
-0.3879863472806364,0.2132922072730889,0.2756445904892465,-0.23219811988942535
3.79293973315025,0.008055539221042636,3.167743716281991,2.562089608692078
1.009357541163374,-0.14587196181799206,0.4133635964793772,0.6611527283021765
0.5128725691122061,-0.7615819659741309,0.06906608150405054,0.24000008472900236
-0.13059808545410995,0.5211472093511583,1.0330991234349651,-0.015446636699509202
-0.18514610540973167,0.2132922072730889,0.13792558449911588,-0.09524186162273493
-1.632791760758926,-0.0945627948049805,-2.409876026318301,-1.115646493160187
1.23996174528714,1.7012580506504245,0.5510826024695079,1.0746438001491954
-0.2325081586646128,-0.6589636319481077,-0.5506694454515375,-0.24895397031500022
-0.6443947045570618,-1.4799103041562929,-1.4458429843873868,-0.6416295695620088
-0.6254498832551094,1.3420938815593435,0.3445040934843119,-0.2349941822968367
-0.5411780919464243,-1.325982803117258,-0.7572479544367335,-0.5504560633048958
0.19799657367975498,-1.0181278010391888,0.5510826024695079,-0.008405899046753639
-1.179422588912202,1.1881663805203089,-0.4129504394614068,-0.6305149291465951
-0.7446716035173964,0.5211472093511583,-1.7212809963676483,-0.43006461663731593
-0.19755822971101086,0.9829297124682624,-1.3769834813923216,0.0037895571418873736
-1.0895980051529444,0.3672197083121236,-0.5506694454515375,-0.6844388171252677
-0.09532152165047432,1.752567217663436,0.7576611114547039,0.18023103492681294
0.30839915299113313,1.3420938815593435,0.5510826024695079,0.3955339052787961
-0.6806511729107985,-0.2484902958440152,-0.8261074574317988,-0.49425048176886727
-0.4186900231838007,-0.14587196181799206,0.2756445904892465,-0.30305461653191446
0.8555125267975187,1.034238879481274,0.5510826024695079,0.7219760841031448
-0.5238664448946402,-0.7102727989611193,-1.927859505352844,-0.452837768970425
0.441339536954834,-1.6338378051953275,0.2067850874941812,0.06996790661365325
-0.34781026072649585,-1.2746736361042466,-0.2063719304762108,-0.4127347082565677
-0.15248262040636534,-1.2746736361042466,-0.8949669604268642,-0.2808509039997547
1.416344564305318,1.2394755475333203,0.7576611114547039,1.129289001669057
0.09347342166898287,1.4447122155853664,-1.0326859664169947,0.26473921162787767
0.7333510928849286,-0.5563452979220846,1.1019586264300305,0.4175087814995981
-0.031301091043876385,-0.14587196181799206,0.6199421054645732,-0.041492422805191685
-0.21519651161282866,1.5986397166244013,0.7576611114547039,0.07780991325649357
-0.5643691662988144,-0.9668186340261772,-1.5835619903775175,-0.5159889106463099
-0.14007049610508618,0.11067387324706578,-0.13751242748114548,-0.07912873689078431
-0.16130176135727425,-1.6338378051953275,-0.8949669604268642,-0.3369311215699922
0.8097836477928058,1.034238879481274,0.06906608150405054,0.6911002770864996
-0.7214805291650063,-1.325982803117258,-1.9967190083479096,-0.672194959541954
0.9750608819098392,-0.2484902958440152,0.4822230994744425,0.6236742737123787
0.08400101101800664,-0.7615819659741309,-1.1704049724071257,-0.0495708767913914
0.17055924627692734,-1.223364469091235,1.170818129425096,-0.055574581911368603
-0.6679124137594855,0.5211472093511583,-1.1704049724071257,-0.37823736914509004
0.9146334346536116,-0.2997994628570268,0.4822230994744425,0.575713300491012
0.5177720918627111,0.16198304026007734,0.5510826024695079,0.3722026008551827
0.4380731884544973,1.2907847145463318,-0.8261074574317988,0.47592807265519727
1.0701116232696353,0.6237655433771815,1.583975147395488,0.8095854382934311
-0.44122782783612347,-1.120746135065212,0.3445040934843119,-0.45432717217102914
1.898784237805038,-1.223364469091235,1.583975147395488,1.1113103818391288
-0.05122581689592984,1.393403048572355,0.5510826024695079,0.1598785369044077
1.5058425132145417,-1.0181278010391888,1.1019586264300305,0.8746421816292986
0.905487658852669,-1.325982803117258,1.7216941533856187,0.4263221458145436
-1.1657039252107881,0.5724563763641699,-1.4458429843873868,-0.7071817830054852
-1.131733900807287,-1.3772919701302695,-0.8261074574317988,-0.9563558564406563
-1.1692969085611582,-1.0694369680522002,-0.8949669604268642,-0.9387533285081016
0.6879488487302495,-0.2997994628570268,0.6199421054645732,0.4226575142799281
0.3636004426468222,1.6499488836374128,-0.2063719304762108,0.47577021315940243
0.14900134617470556,1.0855480464942855,1.377396638410292,0.2521056653596337
1.7305672900377018,-1.1720553020782234,0.8953801174448346,1.00489231997727
-0.8936170951327467,-0.7615819659741309,-0.4818099424564721,-0.7096515225115274
-0.9811552349417684,0.2646013742861005,0.06906608150405054,-0.6255406455273945
1.025689283665057,0.3672197083121236,0.6199421054645732,0.7437877988732624
-0.3314785182248127,0.4185288753251352,-1.3081239783972562,-0.16540124542137166
0.4887015902097151,-1.5825286381823158,-0.13751242748114548,0.10910722068740698
0.8528994479972493,0.008055539221042636,1.652834650390553,0.5769957590004828
-0.4588661097379412,-0.6589636319481077,-0.6195289484466028,-0.4017892150473938
0.4602843582567864,-1.223364469091235,1.377396638410292,0.14004570968694763
0.11731776572144025,-0.6589636319481077,-0.8261074574317988,-0.012754046637664553
2.1235090146281985,0.7263838774032045,0.3445040934843119,1.5351533063970362
2.2773540289940537,-0.9668186340261772,1.652834650390553,1.4027219539594982
1.7165219914862542,0.3672197083121236,2.3414296803412067,1.210233026303295
0.21792129953180847,-1.4799103041562929,0.4822230994744425,-0.05940006581955666
-0.4732380431394224,0.8803113784422393,-0.4129504394614068,-0.196669050200059
-0.12341211875336935,1.3420938815593435,0.2756445904892465,0.10397807045018942
0.2659366224867569,-1.5312194711693043,-0.13751242748114548,-0.03414126811573616
0.7444566777860732,1.2907847145463318,0.7576611114547039,0.6827959796667199
-0.18416620085963067,-1.4799103041562929,-0.8949669604268642,-0.3308866260873439
-0.4088909776827908,0.3159105412991121,0.4133635964793772,-0.23199117519829207
1.2938564955426943,0.4185288753251352,0.4822230994744425,0.9320131525416743
