salaire,depenses,Depenses Preditent
-1.5240223556977162,-1.0326859664169947,-1.0339755487430071
0.01410115311080276,-1.7901404993627137,0.009566951213768098
-0.17698023415889008,-0.6195289484466028,-0.12007253964941167
-1.5063840737958984,-1.6524214933725832,-1.0220088265094829
1.802100322195074,0.4133635964793772,1.2226380161454709
0.3057860741908638,0.8265206144497692,0.2074610800014938
0.0905337080186799,0.00020657850898520382,0.06142274755904
-1.1941211571637167,0.2067850874941812,-0.8101535217826455
-1.1346736144575902,-1.2392644754021909,-0.7698212357363231
-1.1186685068059403,-0.2063719304762108,-0.758962543339236
-1.1405530417581962,-1.3769834813923216,-0.7738101431474979
-1.0500751882988713,-0.13751242748114548,-0.7124252902088639
-1.166683829760889,-1.2392644754021909,-0.7915386205304967
0.7549089929871504,-0.7572479544367335,0.5121692850217882
-0.007783381841452659,-0.3440909364663415,-0.005280648594493516
-0.14203030520528814,0.5510826024695079,-0.09636070114965059
0.06276974576581855,0.2756445904892465,0.04258624033960363
-0.20115121306138115,-1.0326859664169947,-0.13647138122868568
0.7016675124316634,0.2067850874941812,0.4760475123539278
0.3113388666414361,0.00020657850898520382,0.2112283814453811
-1.0745728020513958,-1.0326859664169947,-0.7290457377554252
-0.30338792112191765,-1.3081239783972562,-0.20583404898966903
0.3119921363415034,-0.2752314334712761,0.21167159337995606
0.2283736147328857,1.0330991234349651,0.15494046575435946
0.848326560096778,-0.13751242748114548,0.5755485916660092
-0.3549962274272364,-0.9638264634219296,-0.24084779182109195
1.2135043224344133,0.8953801174448346,0.8233040630934196
0.170885881126961,0.06906608150405054,0.11593781551176174
-0.33605140612528395,-0.2752314334712761,-0.2279946457184177
-1.0778391505517326,-0.4129504394614068,-0.7312617974283002
1.3245601714458586,2.9611652072967947,0.898650091971165
-0.2312016192644781,-1.5835619903775175,-0.15685913021913445
0.4903347644598834,0.7576611114547039,0.3326684515189238
-0.8380891706270239,-0.4129504394614068,-0.5686030174392849
0.8450602115964414,-0.13751242748114548,0.5733325319931345
-0.7629631551192815,-0.4818099424564721,-0.517633644963163
-0.2782370376693256,0.2067850874941812,-0.18877038950853256
-0.935099721087022,-0.4129504394614068,-0.6344199897236686
0.373399488147832,0.6199421054645732,0.2533335152300035
-1.0536681716492415,-0.7572479544367335,-0.7148629558490263
1.537526093667807,1.2396776324201613,1.0431371826426066
-0.5911532240015748,-0.8261074574317988,-0.40106890616994495
-1.6278922380084209,-2.2032975173331057,-1.1044462463404277
-2.926592401742265,-2.6164545353034976,-1.9855515722754753
-0.3422574682759236,-0.6195289484466028,-0.23220515909688003
0.12025747937174325,-0.2752314334712761,0.08158889058220131
-0.1573821431568703,0.2756445904892465,-0.10677618161216246
-0.634595659056052,-1.4458429843873868,-0.4305424998191807
-2.4987007481981665,-2.2032975173331057,-1.6952477551288676
0.2538511330355114,-0.13751242748114548,0.1722257312027834
-0.246880092066094,0.06906608150405054,-0.16749621664893385
-1.6974654610655913,-0.8949669604268642,-1.1516483173726626
-2.0779950613548093,-1.6524214933725832,-1.409819269262585
-1.0611807732000158,-0.9638264634219296,-0.7199598930966384
1.438555734107607,1.8594131593757488,0.9759905745544979
-1.6040478939559637,0.2067850874941812,-1.0882690107284414
-0.7600234414689785,0.4133635964793772,-0.5156391912575756
0.12352382787207986,-0.2063719304762108,0.08380495025507617
-0.7022090730130202,-1.5147024873824522,-0.47641493504769045
0.15684058257551348,-0.7572479544367335,0.10640875891839982
0.9910659895614888,1.3085371354152266,0.6723903993706412
1.4584804599596606,1.170818129425096,0.9895085385590348
0.9809403092104452,1.170818129425096,0.665520614384729
1.6489085775292858,0.8953801174448346,1.1187048174876393
-0.2962019544211771,-0.2752314334712761,-0.20095871770934434
1.6822253322327196,1.583975147395488,1.1413086261509633
-0.6107513150035946,-0.7572479544367335,-0.41436526420719416
-0.3180864893734325,-1.1704049724071257,-0.21580631751760593
-1.0210046866458753,-0.2752314334712761,-0.6927023591202776
1.5512447573692207,-0.13751242748114548,1.052444633268681
0.01410115311080276,-0.2063719304762108,0.009566951213768098
-0.17371388565855345,-0.2063719304762108,-0.1178564799765368
0.8581256055977879,0.2756445904892465,0.5821967706846339
-1.6145002091570408,-0.2752314334712761,-1.095360401681641
0.28520807863874303,-0.7572479544367335,0.19349990406238213
0.6863156744800812,2.1348511713560105,0.46563203189141594
-0.13027145060407627,0.06906608150405054,-0.08838288632730106
-1.355478773080346,0.2067850874941812,-0.9196268696226638
0.8346078963953641,0.00020657850898520382,0.5662411410399348
0.4511385824558438,0.5510826024695079,0.3060757354444254
1.6737328261318445,1.0330991234349651,1.1355468710014887
0.14116210977389768,-0.2752314334712761,0.09577167248860047
0.7179992549333465,0.6888016084596386,0.4871278107183021
1.1383783069266709,2.479148686331337,0.7723346906172976
-0.4869567068408362,-0.13751242748114548,-0.3303766026052366
0.30643934389093114,1.0330991234349651,0.2079042919360688
0.8277485645446573,0.2067850874941812,0.5615874157268976
2.03891058846948,2.616867692321468,1.3833023424288988
-1.245076193768968,-1.5835619903775175,-0.8447240526794935
-0.4928361341414422,-0.3440909364663415,-0.3343655100164114
1.748858841639587,-0.13751242748114548,1.1865162434776106
0.4109624959017033,0.4133635964793772,0.2788182014680645
0.2345796768835253,-0.2752314334712761,0.1591509791328217
-1.2421364801186652,-1.0326859664169947,-0.8427295989739062
-0.2573324072671712,-0.13751242748114548,-0.17458760760213343
0.4452591551552379,-0.4129504394614068,0.30208682803325065
0.3727462184477647,-0.2752314334712761,0.25289030329542855
0.05917676241544825,-0.3440909364663415,0.040148574699441275
-1.0360298897474238,-0.4818099424564721,-0.702896233615502
0.27181604978736285,0.5510826024695079,0.18441405940359518
-1.6876664155645813,-0.6883884514416682,-1.1450001383540378
-0.04665292899545855,-0.4818099424564721,-0.03165175870170445
0.11731776572144025,1.1019586264300305,0.07959443687661391
2.09607168722537,1.377396638410292,1.4220833867042086
-0.6522339409578697,0.5510826024695079,-0.44250922205270493
0.6154359120227764,0.06906608150405054,0.41754353699003127
0.6454863182258733,1.377396638410292,0.43793128598048003
0.3727462184477647,0.6888016084596386,0.25289030329542855
-0.06069822754690606,0.9642396204399,-0.04118081529506638
0.7496828353866118,1.5151156444004226,0.5086235895451884
0.2541777678855451,-0.2752314334712761,0.1724473371700709
1.0168701427141482,0.8953801174448346,0.6898972707863525
0.4178218277524102,-1.5147024873824522,0.2834719267811018
-0.16652791895781288,0.3445040934843119,-0.1129811486962121
-0.6460278788072301,-0.06865292448608014,-0.4382987086742427
0.8460401161465424,-0.7572479544367335,0.573997349894997
1.2543336786886212,0.2756445904892465,0.8510048090043555
0.029452991062384918,-0.4129504394614068,0.01998243167627998
-0.034567439544213034,-1.10154546941206,-0.023452337912067436
0.07942812311753536,-0.2752314334712761,0.05388814467126545
0.3097056923912678,-0.2752314334712761,0.21012035160894366
-0.6515806712578024,0.2067850874941812,-0.44206601011812996
-1.3871623535336115,-1.3081239783972562,-0.9411226484495503
0.6886021184303168,-0.8949669604268642,0.4671832736624283
0.5546818299165149,0.4822230994744425,0.37632482707455867
0.6396068909252673,0.6888016084596386,0.43394237856930523
-0.3710013350788859,-0.2063719304762108,-0.2517064842181788
-0.2648450088179454,1.170818129425096,-0.1796845448497456
-0.18939235846016927,-0.3440909364663415,-0.12849356640633616
0.9466436499569106,-0.06865292448608014,0.6422519878195428
0.12483036727221453,0.06906608150405054,0.08469137412422613
0.3750326623980004,-0.9638264634219296,0.254441545066441
0.1947302251794184,0.6199421054645732,0.1321150511237483
-0.3595691153277077,0.3445040934843119,-0.24395027536311675
0.2447053572345688,-1.1704049724071257,0.16602076411873376
0.3573943804961825,-0.6195289484466028,0.2424748228329167
-0.07115054274798327,0.2067850874941812,-0.04827220624826595
-0.03522070924428035,0.06906608150405054,-0.023895549846642404
1.1102877098237758,0.4822230994744425,0.7532765774305737
-0.7348725580163865,-0.7572479544367335,-0.49857553177643915
-0.8377625357769903,-1.3769834813923216,-0.5683814114719975
0.231966598083256,-0.6195289484466028,0.1573781313945218
1.2213435588352208,1.0330991234349651,0.828622606308319
-0.3798204760297948,-0.13751242748114548,-0.257689845334941
-0.27431741946892163,-0.4129504394614068,-0.1861111179010827
0.19342368577928373,1.5151156444004226,0.13122862725459836
1.1413180205769735,2.2037106743510764,0.7743291443228848
-0.2380609511151851,0.6888016084596386,-0.1615128555321717
-0.4755244870896581,-0.2063719304762108,-0.32262039375017465
-0.20082457821134747,-0.7572479544367335,-0.1362497752613982
1.1142073280241798,1.170818129425096,0.7559358490380236
0.09739303986938684,0.06906608150405054,0.06607647287207724
-0.18351293115956333,0.6888016084596386,-0.12450465899516139
-1.058241059549713,-0.8949669604268642,-0.7179654393910511
-0.03162772589391006,-0.2752314334712761,-0.021457884206480052
0.6301344802742912,0.06906608150405054,0.4275158055179682
-0.4699716946390858,-1.3769834813923216,-0.31885309230628733
-2.4082228947388415,-1.3769834813923216,-1.6338629021902336
-0.4278357989847433,-1.7212809963676483,-0.29026592252620154
-1.3861824489835104,-1.0326859664169947,-0.9404578305476877
-1.6977920959156252,-1.1704049724071257,-1.1518699233399503
1.5156415587155516,0.9642396204399,1.028289582834345
-1.064120486850319,-0.7572479544367335,-0.7219543468022259
0.9508899030073482,-0.2063719304762108,0.6451328653942802
-0.3657751774783473,-0.13751242748114548,-0.24816078874157904
0.4550582006562478,0.9642396204399,0.30873500705187523
0.5099328554619031,-0.9638264634219296,0.345964809556173
-1.5579923801012172,-2.8230330442886937,-1.0570225693409057
0.3636004426468222,0.6888016084596386,0.24668533621137897
0.9048343891526016,0.6199421054645732,0.6138864240067444
-0.3425841031259572,0.2756445904892465,-0.23242676506416746
0.7065670351821683,0.00020657850898520382,0.4793716018632401
-0.13484433850454755,0.00020657850898520382,-0.09148536986932587
-1.6863598761644467,-0.5506694454515375,-1.144113714484888
1.526747143616696,1.2396776324201613,1.0358241857221193
0.7467431217363089,1.0330991234349651,0.506629135839601
1.2010921981331342,0.13792558449911588,0.8148830363364952
-0.2968552241212444,0.5510826024695079,-0.2014019296439193
-0.3801471108798285,-0.06865292448608014,-0.2579114513022285
-0.8733657344306596,-1.10154546941206,-0.5925364619063335
2.1156697782273906,2.3414296803412067,1.4353797447414582
0.4174951929023765,-0.2063719304762108,0.28325032081381424
0.22053437833207776,0.5510826024695079,0.14962192253945975
0.037292227463192835,0.13792558449911588,0.025300974891179665
-0.7093950397137607,0.5510826024695079,-0.48129026632801514
0.20158955703012527,0.06906608150405054,0.1367687764367855
-1.0020598653439228,-0.3440909364663415,-0.6798492130176033
-0.11883923085289808,1.790553656380684,-0.08062667747223902
-0.2570057724171375,-1.10154546941206,-0.17436600163484592
-0.8230639675254755,-0.06865292448608014,-0.5584091429440605
-0.11393970810239315,-0.6195289484466028,-0.07730258796292673
-1.3045237364750948,-1.4458429843873868,-0.8850563387258161
-0.4196699277339017,-0.4129504394614068,-0.2847257733440144
-0.1407237658051535,-0.5506694454515375,-0.09547427728050065
-1.3822628307831064,-0.2752314334712761,-0.9377985589402379
-0.12439202330347035,0.4133635964793772,-0.08439397891612631
-1.2832924712229066,-1.4458429843873868,-0.8706519508521294
1.3314195032965657,-0.2752314334712761,0.9033038172842024
1.3428517230477437,0.2067850874941812,0.9110600261392643
-0.2576590421172049,-0.8949669604268642,-0.17480921356942095
0.2335997723334243,0.8265206144497692,0.15848616123095924
-0.9066824891340932,-0.9638264634219296,-0.6151402705696571
-0.2877094483203018,0.13792558449911588,-0.19519696255986965
-0.05285899114609815,-1.10154546941206,-0.03586227208016669
-0.2681113573182821,-1.10154546941206,-0.18190060452262052
0.8025976810920652,-0.2752314334712761,0.5445237562457612
-1.7787975387239734,-0.8949669604268642,-1.2068282032272468
0.1865643539285768,0.6888016084596386,0.12657490194156112
-0.04991927749579519,0.13792558449911588,-0.03386781837457931
0.468450229507628,0.3445040934843119,0.3178208517106622
0.4475455991054735,0.8953801174448346,0.303638069804263
-0.2782370376693256,0.4133635964793772,-0.18877038950853256
-1.3881422580837124,-0.9638264634219296,-0.9417874663514126
-1.0249243048462793,0.2067850874941812,-0.6953616307277274
0.9293320029051264,1.5151156444004226,0.630506871553306
-1.1941211571637167,-0.6195289484466028,-0.8101535217826455
0.8372209751956334,-0.3440909364663415,0.5680139887782347
0.9489300939071462,1.1019586264300305,0.6438032295905552
1.741346240088813,1.7216941533856187,1.1814193062299985
0.5543551950664813,-0.4129504394614068,0.37610322110727124
-0.9720094591408258,-1.10154546941206,-0.6594614640271546
-0.06788419424764665,-0.5506694454515375,-0.04605614657539109
-0.19951803881121286,-0.06865292448608014,-0.13536335139224825
-0.8485414858281012,-0.6195289484466028,-0.5756944083924845
-1.5975151969552903,-1.2392644754021909,-1.0838368913826915
0.8607386843980572,1.4462561414053572,0.5839696184229338
-0.5908265891515411,0.7576611114547039,-0.4008473002026574
0.1777452129776679,0.4133635964793772,0.12059154082479896
-0.9644968575900515,-0.9638264634219296,-0.6543645267795424
-0.12994481575404265,-0.2063719304762108,-0.0881612803600136
-0.12275884905330205,0.00020657850898520382,-0.08328594907968888
-1.808194675227003,-1.10154546941206,-1.2267727402831206
0.002342298509590893,-0.13751242748114548,0.0015891363914185743
1.1115942492239104,2.823446201306664,0.7541630012997237
0.11568459147127196,-0.4818099424564721,0.0784864070401765
-0.2494931708663633,-0.5506694454515375,-0.16926906438723374
1.876246433152716,1.7216941533856187,1.2729425707197308
0.8940554391014909,0.8265206144497692,0.6065734270862575
-1.1059297476546277,-0.06865292448608014,-0.7503199106150241
0.31623838939194104,-0.2063719304762108,0.2145524709546934
-0.02280858494300116,0.3445040934843119,-0.01547452308971791
2.266901713792977,1.0330991234349651,1.537983307595565
0.2345796768835253,0.2067850874941812,0.1591509791328217
2.110116985776818,1.8594131593757488,1.4316124432975708
1.9464729259099531,1.790553656380684,1.32058785368654
1.228202890685928,-0.06865292448608014,0.8332763316213564
0.4230479853529488,0.6199421054645732,0.2870176222577015
0.6562652682769842,-0.6883884514416682,0.44524428290096707
0.5514154814161784,0.00020657850898520382,0.3741087674016838
1.8697137361520424,0.5510826024695079,1.2685104513739807
-0.15770877800690394,-0.2752314334712761,-0.10699778757944993
0.7176726200833128,-0.2063719304762108,0.4869062047510146
1.2108912436341441,-0.06865292448608014,0.8215312153551197
0.2447053572345688,-0.3440909364663415,0.16602076411873376
0.2989267423401569,0.2067850874941812,0.20280735468845662
-1.208166455715164,-1.10154546941206,-0.8196825783760073
1.243228093787477,-1.1704049724071257,0.8434702061165811
-0.2341413329147811,-0.4818099424564721,-0.15885358392472185
1.4555407463093577,1.170818129425096,0.9875140848534474
-0.4164035792335651,1.2396776324201613,-0.28250971367113953
1.4754654721614109,0.13792558449911588,1.001032048857984
-0.5277860630950442,-0.9638264634219296,-0.3580773485161725
1.4022992657538704,0.9642396204399,0.951392312185587
0.16957934172682634,1.377396638410292,0.11505139164261181
0.668024122878196,0.9642396204399,0.4532220977233166
-0.8687928465301883,-1.5835619903775175,-0.5894339783643087
-1.5370877496990627,-1.2392644754021909,-1.0428397874345066
-0.2279352707641415,0.2067850874941812,-0.1546430705462596
0.527571137363721,-0.8949669604268642,0.3579315317896973
1.5401391724680762,-0.13751242748114548,1.0449100303809065
-0.3775340320795592,-0.8261074574317988,-0.2561386035639286
1.230815969486197,0.7576611114547039,0.8350491793596562
0.25777075123591536,1.790553656380684,0.17488500281023325
0.9247591150046552,-0.13751242748114548,0.6274043880112813
-0.6492942273075668,-0.8949669604268642,-0.4405147683471176
0.3717663138976637,1.652834650390553,0.2522254853935661
-0.1733872508085198,-0.6195289484466028,-0.11763487400924932
1.3203139183954211,0.6888016084596386,0.8957692143964278
-0.023788489493102145,0.2067850874941812,-0.016139340991580365
-0.6466811485072974,-1.927859505352844,-0.43874192060881767
-1.564198442251857,-0.7572479544367335,-1.0612330827193681
-0.04436648504522291,0.00020657850898520382,-0.030100516930692035
0.8104369174928732,-0.13751242748114548,0.5498422994606609
0.8738040783994038,-0.06865292448608014,0.5928338571144334
1.3555904821990568,1.583975147395488,0.9197026588634764
-1.3153026865262056,0.5510826024695079,-0.8923693356463032
1.1788810283308448,1.583975147395488,0.7998138305609459
1.2089314345339421,1.170818129425096,0.8202015795513948
-0.7734154703203587,-1.10154546941206,-0.5247250359163625
1.294183130392728,0.3445040934843119,0.8780407370134288
-0.14464338400555746,0.3445040934843119,-0.09813354888795048
0.9090806422030392,0.4133635964793772,0.6167673015814817
-1.2323374346176552,-1.3081239783972562,-0.8360814199552815
-1.4044740005853955,-0.13751242748114548,-0.9528677647157869
-0.20278438731154946,0.06906608150405054,-0.13757941106512311
0.2531978633354441,1.790553656380684,0.17178251926820845
0.8953619785016255,0.6199421054645732,0.6074598509554074
-1.5491732391503084,-1.3081239783972562,-1.0510392082241435
-1.131733900807287,-0.7572479544367335,-0.7678267820307356
0.39103777004964985,0.4133635964793772,0.2653002374635278
-2.3945042310374283,-1.7212809963676483,-1.6245554515641594
-1.1493721827091048,-1.7212809963676483,-0.7797935042642599
1.414384755205116,1.9971321653658798,0.959591732975224
-0.1916788024104049,1.1019586264300305,-0.13004480817734856
-0.4291423383848779,-0.2063719304762108,-0.2911523463953515
-0.37263450932905423,0.00020657850898520382,-0.2528145140546163
-0.300121572621581,-0.2063719304762108,-0.20361798931679417
-2.0260601201994564,-1.10154546941206,-1.3745839204638743
-1.0513817276990058,-1.4458429843873868,-0.7133117140780137
-0.1609751265072406,-0.5506694454515375,-0.10921384725232483
0.0666893639662225,-1.0326859664169947,0.04524551194705347
0.7843061294901801,0.2756445904892465,0.5321138220776619
0.909407277053073,0.6888016084596386,0.6169889075487693
-0.6881637744615726,-1.2392644754021909,-0.4668858784543285
0.24993151483510745,1.7216941533856187,0.1695664595953336
-0.15182935070629805,-0.8949669604268642,-0.1030088801682752
-0.6528872106579371,0.6888016084596386,-0.44295243398727996
-0.31775985452339883,-0.3440909364663415,-0.21558471155031847
-0.5157005736437986,-0.9638264634219296,-0.3498779277265355
0.43415357025409335,0.13792558449911588,0.2945522251454761
-1.003039769894024,-1.7212809963676483,-0.6805140309194659
1.1756146798305085,0.9642396204399,0.7975977708880712
-0.11622615205262878,0.3445040934843119,-0.07885382973393913
0.9992318608123304,1.7216941533856187,0.6779305485528283
0.4459124248553053,0.00020657850898520382,0.3025300399678257
0.08334774131793933,-1.0326859664169947,0.056547416278715304
-0.11524624750252778,-0.4818099424564721,-0.07818901183207667
-0.2932622407708741,-0.6883884514416682,-0.19896426400375694
1.4846112479623534,0.2756445904892465,1.0072370159420336
-0.008110016691486322,0.6888016084596386,-0.005502254561781003
-0.4624590930883115,1.170818129425096,-0.3137561550586751
0.5180987267127447,-0.2752314334712761,0.3515049587383602
0.7313912837847267,0.2756445904892465,0.4962136553770891
-1.1062563825046612,-0.4129504394614068,-0.7505415165823115
-0.6264297878052103,-0.8949669604268642,-0.4250023506369935
1.4441085265581792,1.583975147395488,0.9797578759983852
0.5494556723159764,0.2756445904892465,0.3727791315979589
1.3229269971956903,0.2067850874941812,0.8975420621347275
-0.03162772589391006,0.5510826024695079,-0.021457884206480052
0.2140016813314045,0.2067850874941812,0.14518980319371
0.9286787332050592,-0.6883884514416682,0.6300636596187311
-1.1510053569592729,-2.478735529313367,-0.7809015341006971
-0.944572131737998,-1.0326859664169947,-0.6408465627750056
-0.3128603317728939,0.4822230994744425,-0.21226062204100618
-0.04305994564508826,-0.6883884514416682,-0.029214093061542087
-2.1482215541120464,-1.5147024873824522,-1.4574645522293945
-1.1686436388610908,-1.4458429843873868,-0.7928682563342215
0.730084744384592,1.8594131593757488,0.4953272315079391
0.2306600586831213,-0.06865292448608014,0.15649170752537184
-1.1660305600608216,-2.6164545353034976,-0.7910954085959216
-0.2302217147143772,-0.3440909364663415,-0.15619431231727202
-0.9210544225355743,-0.4818099424564721,-0.6248909331303065
0.3106855969413688,-0.2063719304762108,0.21078516951080617
0.15553404317537886,0.13792558449911588,0.10552233504924989
-1.4188459339868769,-0.9638264634219296,-0.9626184272764365
-1.030803732146885,-0.8261074574317988,-0.699350538138902
0.3057860741908638,0.9642396204399,0.2074610800014938
0.15749385227558085,0.2067850874941812,0.10685197085297482
0.5478224980658081,1.3085371354152266,0.37167110176152146
0.6425466045755703,0.5510826024695079,0.43593683227489266
0.5082996812117349,0.4133635964793772,0.3448567797197356
1.7384065264385096,1.4462561414053572,1.1794248525244109
-0.4634389976384125,-0.6883884514416682,-0.31442097296053756
0.3253841651928836,0.9642396204399,0.22075743803874304
0.1258102718223155,0.4822230994744425,0.08535619202608857
-0.6163041074541667,-0.7572479544367335,-0.41813256565108137
-0.7436916989672954,-0.6195289484466028,-0.5045588928932012
0.36000745929645184,-0.7572479544367335,0.2442476705712166
-0.0041903984910823654,0.06906608150405054,-0.0028429829543311605
0.3061127090408975,0.4133635964793772,0.2076826859687813
-0.3216794727238028,1.170818129425096,-0.21824398315776833
-0.17698023415889008,-0.7572479544367335,-0.12007253964941167
1.2824242757915159,0.5510826024695079,0.8700629221910791
-1.1973875056640533,0.6888016084596386,-0.8123695814555204
-0.2383875859652187,-1.1704049724071257,-0.16173446149945916
-1.853596919381682,-0.5506694454515375,-1.257575969736081
0.4602843582567864,0.3445040934843119,0.312280702528475
-0.10838691565182086,0.06906608150405054,-0.07353528651903946
1.561697072570298,-0.13751242748114548,1.0595360242218808
-2.634907480662204,-2.2721570203281707,-1.7876574434877495
-0.7338926534662855,-0.6195289484466028,-0.4979107138745767
0.03827213201329383,0.6888016084596386,0.02596579279304213
0.09151361256878088,-0.2063719304762108,0.06208756546090246
-0.813918191724533,-0.2752314334712761,-0.5522041758600109
0.3890779609494479,1.377396638410292,0.26397060165980296
0.1320163339729551,0.6199421054645732,0.08956670540455082
1.7070495808352781,1.7216941533856187,1.1581506796648122
-0.3481368955765295,0.00020657850898520382,-0.23619406650805475
-0.0914019034500704,-0.2063719304762108,-0.062011776220090145
-1.1516586266593405,0.13792558449911588,-0.7813447460352723
1.5195611769159554,0.4133635964793772,1.0309488544417946
0.2453586269346361,-0.4129504394614068,0.1664639760533087
0.8431004024962394,0.8953801174448346,0.5720028961894096
0.5481491329158418,-0.06865292448608014,0.371892707728809
1.373882033800942,0.4822230994744425,0.9321125930315758
-0.9938939940930812,-0.9638264634219296,-0.6743090638354161
1.2638060893395973,1.652834650390553,0.8574313820556925
1.4375758295575058,0.13792558449911588,0.9753257566526353
-0.3197196636236008,-0.3440909364663415,-0.21691434735404339
1.5969736363739335,0.8953801174448346,1.083469468688929
-0.985401487992206,-1.3769834813923216,-0.6685473086859415
-1.107562921904796,-1.0326859664169947,-0.7514279404514616
-0.5516304071475016,-1.3081239783972562,-0.37425458412815904
-0.6045452528529549,0.5510826024695079,-0.4101547508287319
0.7003609730315287,1.2396776324201613,0.4751610884847778
-0.7162543715644677,1.4462561414053572,-0.4859439916410524
-0.0515524517459635,-0.6883884514416682,-0.03497584821101674
-0.7554505535685072,-2.1344380143380404,-0.5125367077155507
0.0464380032641354,-1.0326859664169947,0.03150594197522929
-0.5545701207978045,-1.10154546941206,-0.3762490378337464
2.4279326948595723,2.410289183336272,1.6472350494682957
-0.211930163112492,-1.3081239783972562,-0.14378437814917272
-0.4931627689914759,-0.5506694454515375,-0.3345871159836989
1.1618960161290943,0.6199421054645732,0.7882903202619965
0.6389536212251999,1.0330991234349651,0.4334991666347302
-1.046482204948501,0.9642396204399,-0.7099876245687016
-2.4987007481981665,-1.5147024873824522,-1.6952477551288676
1.8919249059543315,2.410289183336272,1.28357965714953
-0.35630276682737105,0.2756445904892465,-0.2417342156902419
1.4601136342098289,1.8594131593757488,0.9906165683954721
-0.7678626778697865,-1.3769834813923216,-0.5209577344724753
-0.2403473950654207,-1.927859505352844,-0.16306409730318408
0.018674041011274043,0.5510826024695079,0.012669434755792915
-0.5777611951501945,-0.13751242748114548,-0.3919830615111579
0.3750326623980004,1.583975147395488,0.254441545066441
-1.4048006354354292,-0.6883884514416682,-0.9530893706830745
0.6513657455264793,0.9642396204399,0.44192019339165484
-0.040773501694852624,-0.3440909364663415,-0.027662851290529682
-0.927260484686214,-1.1704049724071257,-0.6291014465087689
-0.11557288235256145,-0.8261074574317988,-0.07841061779936416
1.5009429904640368,0.7576611114547039,1.0183173143064082
-0.9707029197406912,0.8265206144497692,-0.6585750401580046
-0.5709018632994877,-0.9638264634219296,-0.38732933619812077
0.9989052259622968,-0.13751242748114548,0.6777089425855408
0.903527849752467,0.9642396204399,0.6130000001375946
-0.14137703550522082,0.2067850874941812,-0.09591748921507562
-1.3956548596344869,-0.7572479544367335,-0.946884403599025
0.5115660297120714,1.4462561414053572,0.3470728393926104
1.4882042313127235,0.3445040934843119,1.0096746815821958
0.5298575813139567,-0.8261074574317988,0.35948277356070973
-1.298317674324455,0.13792558449911588,-0.8808458253473538
0.17317232507719665,0.2756445904892465,0.11748905728277417
0.9662417409589305,0.06906608150405054,0.6555483458567921
-2.389931343136957,-1.1704049724071257,-1.6214529680221346
1.7727031856920443,0.4822230994744425,1.2026934790895971
-0.5529369465476361,0.13792558449911588,-0.37514100799730893
0.9642819318587283,-0.5506694454515375,0.6542187100530671
-2.0038489503971677,-3.511628074239346,-1.3595147146883255
-3.0817439555082546,-1.6524214933725832,-2.090814406737031
1.1347853235763006,0.00020657850898520382,0.7698970249771353
0.017040866761105732,-0.4129504394614068,0.011561404919355483
0.920186227104184,-0.4818099424564721,0.6243019044692565
1.1854137253315182,0.5510826024695079,0.8042459499066957
2.2499167015912263,1.9282726623708144,1.5264597972966154
-0.8890442072322754,-2.409876026318301,-0.6031735483361329
-1.0379896988476258,-1.5835619903775175,-0.7042258694192269
-0.08650238069956544,0.9642396204399,-0.05868768671077783
0.7019941472816971,0.8265206144497692,0.47626911832121527
-1.7948026463756228,-0.13751242748114548,-1.2176868956243336
0.9378245090060016,1.2396776324201613,0.6362686267027806
0.5729733815184002,-0.06865292448608014,0.388734761242658
-3.1261662951128333,-1.6524214933725832,-2.1209528182881296
-1.6768874655134705,-1.6524214933725832,-1.1376871414335508
0.6445064136757723,0.13792558449911588,0.4372664680786176
0.5893051240200833,2.616867692321468,0.3998150596070323
0.2724693194874302,-0.7572479544367335,0.18485727133817018
0.24568526178466984,-0.06865292448608014,0.16668558202059625
0.7111399230826396,1.2396776324201613,0.48247408540526493
1.7723765508420106,1.0330991234349651,1.2024718731223096
-0.532685585845549,0.6199421054645732,-0.36140143802548474
-0.08094958824899316,-0.3440909364663415,-0.05492038526689055
-0.6496208621576004,-1.1704049724071257,-0.44073637431440504
1.3905404111526587,1.2396776324201613,0.9434144973632375
1.3889072369024902,0.7576611114547039,0.9423064675267999
-0.8547475479787408,-0.6883884514416682,-0.5799049217709468
0.055257144215044296,0.5510826024695079,0.03748930309199143
-0.5477107889470976,0.13792558449911588,-0.3715953125207092
-0.9713561894407584,0.6199421054645732,-0.6590182520925795
1.0642321959690293,1.9971321653658798,0.7220301360430381
-1.0275373836465485,-0.4818099424564721,-0.6971344784660273
0.08628745496824228,-0.2752314334712761,0.05854186998430268
-1.3355540472282927,-0.4129504394614068,-0.9061089056181273
-0.27954357706946026,-0.6883884514416682,-0.1896568133776825
0.1859110842285095,0.8953801174448346,0.12613169000698615
1.230815969486197,1.2396776324201613,0.8350491793596562
1.8066732100955447,1.1019586264300305,1.2257404996874952
-0.24002076021538704,-0.4818099424564721,-0.1628424913358966
-0.9595973348395466,-0.5506694454515375,-0.65104043727023
1.2151374966845816,-0.2752314334712761,0.8244120929298571
-1.2225383891166453,-0.06865292448608014,-0.8294332409366568
-0.6048718877029886,-0.4129504394614068,-0.41037635679601936
-0.041426771394919945,0.8953801174448346,-0.02810606322510465
-0.10675374140165254,0.13792558449911588,-0.07242725668260201
-0.7561038232685746,-0.6883884514416682,-0.5129799196501258
-0.4003984715819156,0.00020657850898520382,-0.27165102127405266
-0.5209267312443372,-0.6883884514416682,-0.35342362320313525
-0.01529598339222691,-0.2063719304762108,-0.010377585842105713
-0.08323603219922883,0.00020657850898520382,-0.056471627037902976
1.0864433657713184,0.7576611114547039,0.7370993418185873
-1.550479778550443,-0.6195289484466028,-1.0519256320932935
0.3730728532977984,0.6199421054645732,0.25311190926271604
0.9652618364088292,1.8594131593757488,0.6548835279549295
0.12972989002271945,-0.13751242748114548,0.08801546363353842
1.9049902999556776,0.9642396204399,1.2924438958410291
-2.0512110036520483,-1.6524214933725832,-1.3916475799450108
-0.32821216972447603,0.4822230994744425,-0.22267610250351802
-2.9977987990496033,-2.8230330442886937,-2.0338616731441475
0.5680738587678952,1.4462561414053572,0.38541067173334564
0.9156133392037126,0.8265206144497692,0.6211994209272316
1.3817212702017496,0.7576611114547039,0.9374311362464752
0.6984011639313267,1.0330991234349651,0.47383145268105287
-0.48140391439026403,-1.0326859664169947,-0.3266093011613494
-0.7231137034151746,0.3445040934843119,-0.49059771695408955
0.9433773014565741,0.4133635964793772,0.6400359281466681
-0.8214307932753072,-0.13751242748114548,-0.5573011131076232
0.11274487782096898,0.9642396204399,0.07649195333458911
1.7478789370894858,0.8953801174448346,1.185851425575748
0.14116210977389768,0.2067850874941812,0.09577167248860047
-1.2084930905651978,-0.8261074574317988,-0.8199041843432949
-1.6334450304589934,-0.9638264634219296,-1.1082135477843151
-0.4791174704400283,0.06906608150405054,-0.32505805939033694
0.35151495319557663,1.377396638410292,0.23848591542174197
1.0648854656690967,2.1348511713560105,0.7224733479776131
-0.7985663537729507,-0.9638264634219296,-0.541788695397499
1.575089101421678,0.7576611114547039,1.0686218688806675
1.100162029472732,-0.4818099424564721,0.7464067924446615
-0.5290926024951788,-0.5506694454515375,-0.3589637723853224
-0.29097579682063845,-0.4818099424564721,-0.19741302223274454
-0.6130377589538302,-1.3081239783972562,-0.41591650597820656
0.3263640697429846,-0.06865292448608014,0.2214222559406055
1.6551146396799257,1.583975147395488,1.1229153308661017
-0.9478384802383348,-0.6195289484466028,-0.6430626224478806
0.11143833842083434,0.4822230994744425,0.07560552946543916
0.5017669842110616,0.13792558449911588,0.34042466037398583
-0.041426771394919945,-0.5506694454515375,-0.02810606322510465
-0.4686651552389512,-0.4129504394614068,-0.31796666843713745
-1.0079392926445288,-0.4818099424564721,-0.6838381204287781
-0.8433153282275626,-0.06865292448608014,-0.5721487129158848
0.09020707316864623,1.2396776324201613,0.061201141591752516
-1.3603782958308508,-1.0326859664169947,-0.9229509591319761
-1.033743445797188,-0.8949669604268642,-0.7013449918444894
-0.06657765484751199,0.8953801174448346,-0.04516972270624114
-0.5330122206955827,-1.2392644754021909,-0.3616230439927723
-1.054974711049376,-2.1344380143380404,-0.715749379718176
-0.5176603827440006,0.2756445904892465,-0.35120756353026045
-1.1689702737111245,-0.5506694454515375,-0.793089862301509
-0.10577383685155156,1.583975147395488,-0.07176243878073955
0.11470468692117095,-0.6883884514416682,0.07782158913831401
2.5964762774769423,1.652834650390553,1.7615837285886387
-0.06461784574731001,1.4462561414053572,-0.043840086902516215
2.8564776181037383,1.9282726623708144,1.9379820785494783
0.5145057433623744,0.9642396204399,0.34906729309819784
0.16761953262662435,1.1019586264300305,0.11372175583888687
-1.7987222645760268,-1.0326859664169947,-1.2203461672317835
0.08236783676783832,-0.2063719304762108,0.05588259837685283
-0.5973592861522143,-1.4458429843873868,-0.4052794195484072
-0.6535404803580044,0.2067850874941812,-0.44339564592185493
0.4090026868015013,1.0330991234349651,0.2774885656643396
-0.05971832299680507,-1.0326859664169947,-0.04051599739320392
-1.5837965332538766,-1.1704049724071257,-1.0745294407566173
-1.6883196852646487,-1.7901404993627137,-1.145443350288613
0.3165650242419747,-0.5506694454515375,0.2147740769219809
0.3100323272413014,-0.8261074574317988,0.21034195757623114
1.1743081404303737,2.616867692321468,0.7967113470189211
-0.36512190777828,0.4822230994744425,-0.24771757680700407
0.06374965031591953,-0.13751242748114548,0.043251058241466085
-0.8730390995806259,-0.06865292448608014,-0.592314855939046
-1.203593567814693,-0.2752314334712761,-0.8165800948339828
1.1834539162313162,0.4133635964793772,0.8029163141029708
0.7078735745823029,0.06906608150405054,0.48025802573239
1.7351401779381732,0.7576611114547039,1.1772087928515362
2.5801445349752594,2.3414296803412067,1.7505034302242646
1.1540567797282866,2.8923057043017293,0.782971777047097
-1.8509838405814132,-1.1704049724071257,-1.2558031219977817
-0.7387921762167904,-0.5506694454515375,-0.5012348033838889
0.4593044537066854,-0.2752314334712761,0.31161588462661255
0.6350340030247961,0.4133635964793772,0.43083989502728043
-0.2494931708663633,-1.10154546941206,-0.16926906438723374
1.4780785509616805,1.5151156444004226,1.0028048965962841
0.11503132177120462,0.06906608150405054,0.07804319510560151
1.0465939140672114,0.8953801174448346,0.7100634138095138
-1.3375138563284947,-0.6883884514416682,-0.9074385414218523
-1.978044797244508,-0.5506694454515375,-1.342007843272614
-0.7835411506714023,-0.13751242748114548,-0.5315948209022747
-0.6659526046592836,-0.4129504394614068,-0.45181667267877945
2.1502930723309586,2.1348511713560105,1.4588699772739318
0.3423691773946341,0.00020657850898520382,0.23228094833769236
-0.6584400031085094,0.3445040934843119,-0.4467197354311672
0.6281746711740892,0.9642396204399,0.4261861697142433
0.72812493528439,1.377396638410292,0.4939975957042142
-0.6166307423042005,1.377396638410292,-0.4183541716183689
-0.3213528378737691,-0.06865292448608014,-0.21802237719048081
0.8708643647491008,0.2067850874941812,0.5908394034088459
2.4703952253639483,1.5151156444004226,1.6760438252156686
-1.4061071748355638,-0.5506694454515375,-0.9539757945522244
0.8440803070463404,0.8265206144497692,0.572667714091272
0.8257887554444553,-0.8261074574317988,0.5602577799231727
0.6618180607275564,-0.3440909364663415,0.4490115843448544
0.7477230262864099,1.4462561414053572,0.5072939537414635
-0.4017050109820503,-0.5506694454515375,-0.27253744514320266
-0.5196201918442026,-1.4458429843873868,-0.35253719933398536
-0.7590435369188775,0.13792558449911588,-0.5149743733557132
-0.4115040564830601,-0.2752314334712761,-0.2791856241618272
0.9077741028029048,0.00020657850898520382,0.615880877712332
-0.3546695925772028,0.3445040934843119,-0.24062618585380452
-0.971682824290792,-0.3440909364663415,-0.659239858059867
0.8956886133516592,0.8265206144497692,0.6076814569226949
-1.31301624257597,-1.4458429843873868,-0.8908180938752908
-0.9102754724844636,-0.8261074574317988,-0.6175779362098196
0.1904839721289808,0.00020657850898520382,0.12923417354901098
0.6536521894767149,1.0330991234349651,0.4434714351626672
0.4060629731511983,0.8265206144497692,0.27549411195875223
-0.931180102886618,-1.1704049724071257,-0.6317607181162187
0.18199146602810554,0.4822230994744425,0.12347241839953631
0.21073533283106788,1.1019586264300305,0.14297374352083517
0.08138793221773734,0.8953801174448346,0.055217780474990374
-0.18285966145949606,0.5510826024695079,-0.12406144706058646
1.2644593590396649,0.4133635964793772,0.8578745939902677
-0.047632833545559534,-0.2752314334712761,-0.0323165766035669
-0.19069889786030395,-0.06865292448608014,-0.1293799902754861
-0.08029631854892584,-0.2752314334712761,-0.05447717333231558
-0.871079290480424,-0.06865292448608014,-0.5909852201353212
-0.690776853261842,-1.10154546941206,-0.46865872619262844
-0.07507016094838724,-0.2752314334712761,-0.0509314778557158
-1.643244075960003,-1.4458429843873868,-1.1148617268029397
1.1445843690773103,-0.2063719304762108,0.7765452039957598
-0.6937165669121449,-0.5506694454515375,-0.47065317989821576
-0.08486920644939712,-0.2752314334712761,-0.0575796568743404
0.2538511330355114,0.4133635964793772,0.1722257312027834
1.218730480034952,2.616867692321468,0.8268497585700195
0.3397560985943648,1.170818129425096,0.23050810059939245
-0.2766038634191573,0.6888016084596386,-0.18766235967209516
0.0853075504181413,-0.2752314334712761,0.05787705208244022
-0.3945190442813096,-0.6883884514416682,-0.26766211386287786
-0.3210262030237355,0.00020657850898520382,-0.21780077122319338
0.4279475081034538,-0.3440909364663415,0.29034171176701384
-0.2279352707641415,-1.4458429843873868,-0.1546430705462596
1.1047349173732035,1.2396776324201613,0.7495092759866865
0.5066665069615666,0.2067850874941812,0.3437487498832982
1.4597869993597952,0.5510826024695079,0.9903949624281846
-0.4817305492402977,0.2756445904892465,-0.3268309071286369
-1.9845774942451808,-0.9638264634219296,-1.3464399626183632
-1.523695720847683,0.2756445904892465,-1.0337539427757199
0.4753095613583349,0.8953801174448346,0.3224745770236994
-1.9091248438874049,-0.6883884514416682,-1.295248984174954
0.0163875970610384,-0.06865292448608014,0.011118192984780506
0.6229485135735505,-0.6883884514416682,0.4226404742376434
1.2033786420833696,1.4462561414053572,0.8164342781075075
-2.520585283150422,-1.7901404993627137,-1.7100953549371292
0.060156666965549235,0.06906608150405054,0.040813392601303726
0.323097721242648,0.6199421054645732,0.21920619626773066
1.4996364510639018,1.4462561414053572,1.017430890437258
0.4890282250597488,-0.2063719304762108,0.3317820276497739
0.007895090960163166,-0.6883884514416682,0.005356437835305852
-0.9125619164346992,0.6888016084596386,-0.619129177980832
-0.8629134192295823,-0.3440909364663415,-0.5854450709531339
1.1847604556314508,1.7216941533856187,0.8038027379721207
-0.9876879319424416,-0.7572479544367335,-0.6700985504569539
1.2442079983375776,1.170818129425096,0.8441350240184433
1.0433275655668748,1.583975147395488,0.7078473541366389
0.21726802983174115,0.3445040934843119,0.14740586286658489
-2.491514781497426,-1.7901404993627137,-1.690372423848543
-2.719179271970889,-1.5147024873824522,-1.844831783047921
0.9120203558533424,-0.2752314334712761,0.6187617552870693
0.4619175325069547,0.4822230994744425,0.3133887323649125
0.6722703759286337,0.3445040934843119,0.456102975298054
-1.2591214923204157,-0.8949669604268642,-0.8542531092728555
1.7632307750410683,2.2725701773461413,1.19626690603826
1.753431729540058,0.6888016084596386,1.1896187270196352
0.5386767222648655,1.5151156444004226,0.36546613467747185
0.8666181116986632,1.4462561414053572,0.5879585258341087
0.33910282889429744,0.6888016084596386,0.23006488866481747
0.2933739498895846,0.8953801174448346,0.1990400532445693
-0.3772073972295255,-0.4818099424564721,-0.2559169975966411
-1.0513817276990058,-0.7572479544367335,-0.7133117140780137
-0.8420087888274279,-0.8261074574317988,-0.5712622890467348
-0.5431379010466263,-0.4818099424564721,-0.36849282897868435
0.09184024741881457,1.2396776324201613,0.06230917142818996
0.7686276566885643,0.8265206144497692,0.5214767356478626
-0.7923602916223111,-0.6195289484466028,-0.5375781820190367
-0.7378122716666894,-0.6195289484466028,-0.5005699854820265
0.2411123738841985,0.6199421054645732,0.16358309847857141
-0.5493439631972659,-1.3769834813923216,-0.3727033423571466
0.3926709442998181,1.4462561414053572,0.2664082672999652
2.3675052476033445,1.7216941533856187,1.6062379455201103
-0.8632400540796159,-2.065578511342975,-0.5856666769204213
1.2445346331876113,0.8265206144497692,0.8443566299857308
-0.5666556102490501,-1.0326859664169947,-0.38444845862338345
-0.3298453439746444,-0.7572479544367335,-0.22378413233995548
0.3155851196918737,1.0330991234349651,0.2141092590201184
-0.8420087888274279,-0.06865292448608014,-0.5712622890467348
1.3810680005016824,1.2396776324201613,0.9369879243119004
1.2850373545917857,1.4462561414053572,0.8718357699293794
0.3779723760483033,0.3445040934843119,0.25643599877202833
0.4194550020025785,0.6888016084596386,0.28457995661753915
0.7500094702366454,0.3445040934843119,0.5088451955124758
0.40540970345113103,0.4822230994744425,0.27505090002417726
-1.7193499960178469,-0.2752314334712761,-1.1664959171809244
0.5148323782124081,-0.06865292448608014,0.3492888990654853
-0.12177894450320105,0.06906608150405054,-0.0826211311778264
1.1246596432252571,1.170818129425096,0.7630272399912233
-0.8034658765234557,-0.4818099424564721,-0.5451127849068114
-0.5264795236949095,-1.2392644754021909,-0.3571909246470225
-0.15346252495646634,0.6888016084596386,-0.10411691000471261
2.2920525972455685,1.9971321653658798,1.555046967076701
-0.28215665586972954,-0.3440909364663415,-0.1914296611159824
-0.1795933129591594,1.1019586264300305,-0.12184538738771157
-0.4693184249390185,0.06906608150405054,-0.31840988037171236
-1.714123838417308,-1.5147024873824522,-1.1629502217043244
-1.713470568717241,-0.9638264634219296,-1.1625070097697494
-0.5124342251434619,0.13792558449911588,-0.34766186805366056
-0.9308534680365844,-1.5147024873824522,-0.6315391121489313
0.9904127198614214,0.6199421054645732,0.6719471874360661
-0.9439188620379309,0.6199421054645732,-0.6404033508404307
0.22314745713234707,-0.2752314334712761,0.15139477027775966
-0.5045949887426541,-1.3081239783972562,-0.34234332483876095
-0.17567369475875544,0.9642396204399,-0.11918611578026173
-0.7345459231663528,-0.13751242748114548,-0.4983539258091516
-1.4952784888947541,0.06906608150405054,-1.0144742236217084
-0.0100698257916883,-0.2752314334712761,-0.006831890365505923
0.9368446044559008,-0.7572479544367335,0.6356038088009183
0.5621944314672892,-0.13751242748114548,0.3814217643221709
-0.3984386624817136,-0.7572479544367335,-0.27032138547032775
2.057855409771432,0.9642396204399,1.3961554885315728
-0.9168081694851368,1.9282726623708144,-0.6220100555555693
0.2969669332399549,-0.2063719304762108,0.20147771888473165
0.8166429796435127,1.652834650390553,0.5540528128391231
-1.7258826930185198,0.3445040934843119,-1.1709280365266739
1.3284797896462626,0.6888016084596386,0.9013093635786149
0.3041528999406955,-0.3440909364663415,0.20635305016505637
0.8123967265930749,0.2756445904892465,0.5511719352643857
0.0755085049171314,0.8265206144497692,0.051228873063815614
-0.5614294526485114,-0.6883884514416682,-0.3809027631467836
-0.6385152772564558,1.1019586264300305,-0.43320177142663047
-0.9857281228422397,0.2756445904892465,-0.668768914653229
-0.18906572361013566,-0.06865292448608014,-0.1282719604390487
1.3758418429011436,0.2756445904892465,0.9334422288353004
-0.8384158054770576,-0.6195289484466028,-0.5688246234065725
1.0145836987639123,-0.2752314334712761,0.68834602901534
-0.35826257592757305,-0.13751242748114548,-0.24306385149396684
-1.1091960961549645,-0.8949669604268642,-0.7525359702878991
0.18264473572817289,0.4822230994744425,0.12391563033411129
1.1086545355736075,1.2396776324201613,0.7521685475941363
-0.5153739387937649,0.2067850874941812,-0.349656321759248
0.07681504431726606,-0.8949669604268642,0.052115296932965564
-0.4131372307332285,0.8953801174448346,-0.28029365399826467
-0.623816709004941,-1.3081239783972562,-0.4232295028986936
-1.149045547859071,-0.9638264634219296,-0.7795718982969724
-0.12504529300353767,-0.8949669604268642,-0.08483719085070128
0.2460118966347035,-0.7572479544367335,0.16690718798788373
0.40540970345113103,1.5151156444004226,0.27505090002417726
-0.01333617429202493,-1.0326859664169947,-0.00904795003838079
1.0913428885218233,1.0330991234349651,0.7404234313278995
-1.6203796364576468,-0.8261074574317988,-1.0993493090928157
-0.3184131242234662,-0.7572479544367335,-0.21602792348489344
-1.4942985843446532,-3.2361900622590856,-1.013809405719846
-0.2295684450143098,-0.2063719304762108,-0.15575110038269702
0.0464380032641354,-1.0326859664169947,0.03150594197522929
0.6771698986791386,0.6199421054645732,0.4594270648073662
-0.34781026072649585,-0.13751242748114548,-0.23597246054076726
0.26430344823658863,-0.13751242748114548,0.179317122155983
-0.34389064252609186,-0.6883884514416682,-0.2333131889333174
2.0069003731661805,0.6888016084596386,1.361584957634725
-0.5682887844992184,0.06906608150405054,-0.3855564884598209
1.4372491947074724,0.8953801174448346,0.975104150685348
-0.5388916479961887,0.4133635964793772,-0.3656119514039471
-0.5457509798468956,-0.6195289484466028,-0.37026567671698424
1.6286572168271989,0.6888016084596386,1.1049652475158154
-0.8423354236774616,-1.2392644754021909,-0.5714838950140223
-0.7564304581186082,-0.8261074574317988,-0.5132015256174133
0.43252039600392506,0.8953801174448346,0.29344419530903865
-1.5658316165020252,-1.3081239783972562,-1.0623411125558055
-0.13157799000421094,0.5510826024695079,-0.08926931019645101
-0.456253030937672,-1.3769834813923216,-0.3095456416802129
-0.2635384694178108,-0.6883884514416682,-0.17879812098059567
1.0864433657713184,1.583975147395488,0.7370993418185873
-0.3406242940257552,-1.2392644754021909,-0.2310971292604425
1.0171967775641817,-1.4458429843873868,0.6901188767536399
-0.9047226800338912,-1.2392644754021909,-0.6138106347659322
-1.4632682735914548,-0.3440909364663415,-0.9927568388275346
-0.2883627180203692,-1.3769834813923216,-0.19564017449444468
1.417324468855419,0.9642396204399,0.9615861866808113
0.8231756766441859,0.4822230994744425,0.5584849321848728
-1.5099770571462687,-0.9638264634219296,-1.0244464921496452
-0.3886396169807037,-0.13751242748114548,-0.2636732064517031
-1.5481933346002072,0.2067850874941812,-1.050374390322281
0.1761120387274996,0.13792558449911588,0.11948351098836153
-0.4536399521374026,-0.4818099424564721,-0.307772793941913
-1.7409078961200686,-1.0326859664169947,-1.1811219110218985
0.49752073116062395,0.5510826024695079,0.3375437827992485
-1.1291208220070177,-0.4818099424564721,-0.7660539342924356
0.19832320852978869,0.6199421054645732,0.13455271676391065
0.5958378210207566,0.2067850874941812,0.40424717895278206
-3.0376482507537106,-2.6164545353034976,-2.0608976011532207
-0.08486920644939712,-0.9638264634219296,-0.0575796568743404
1.269032246940136,-0.13751242748114548,0.8609770775322924
2.198308395285907,2.065991668360945,1.4914460544651922
-0.04599965929539123,-0.7572479544367335,-0.031208546767129468
0.2443787223845352,-1.2392644754021909,0.16579915815144633
-1.3208554789767781,0.2067850874941812,-0.8961366370901905
1.15079043122795,1.2396776324201613,0.7807557173742221
-2.186111196715951,-0.8949669604268642,-1.4831708444347427
0.7082002094323366,1.4462561414053572,0.4804796316996775
-0.9746225379410952,-1.927859505352844,-0.6612343117654544
-1.693872477715221,-1.5147024873824522,-1.1492106517325003
-0.5901733194514738,-1.2392644754021909,-0.4004040882680825
0.6536521894767149,0.2067850874941812,0.4434714351626672
-0.1381106870048842,0.2067850874941812,-0.09370142954220075
0.8731508086993364,0.8953801174448346,0.5923906451798583
1.2677257075400012,-0.5506694454515375,0.8600906536631423
1.93994022890928,1.1019586264300305,1.3161557343407904
-0.2220558434635356,0.7576611114547039,-0.15065416313508484
1.4421487174579772,0.7576611114547039,0.9784282401946602
0.17513213417739862,0.4822230994744425,0.11881869308649909
0.5595813526670199,-0.2752314334712761,0.379648916583871
0.3074192484410321,0.13792558449911588,0.20856910983793123
1.087749905171453,-0.8949669604268642,0.7379857656877371
-0.3259257257742404,-0.7572479544367335,-0.22112486073250562
-1.185955285912875,0.2756445904892465,-0.8046133726004584
2.331902048949676,1.4462561414053572,1.5820828950857748
-0.6646460652591489,-0.3440909364663415,-0.45093024880962945
0.3769924714982024,0.4133635964793772,0.255771180870166
1.241921554387342,1.0330991234349651,0.842583782247431
0.1205841142217769,0.13792558449911588,0.08181049654948878
1.7994872433948046,0.7576611114547039,1.220865168407171
-1.3345741426781916,-0.9638264634219296,-0.9054440877162648
1.8125526373961511,0.8265206144497692,1.2297294070986704
-0.5663289753990164,-0.2063719304762108,-0.38422685265609596
0.35576120624601426,-0.06865292448608014,0.2413667929964793
-0.7649229642194835,-1.7212809963676483,-0.5189632807668879
-0.7776617233707963,0.2067850874941812,-0.5276059134910999
-0.21258343281255931,-1.3081239783972562,-0.1442275900837477
-0.3778606669295928,-0.5506694454515375,-0.256360209531216
0.0340258789628562,-1.1704049724071257,0.023084915218304792
-1.4061071748355638,-1.3769834813923216,-0.9539757945522244
0.3645803471969232,-0.8261074574317988,0.2473501541132415
-0.5800476391004302,-0.8261074574317988,-0.3935343032821704
-0.23544787231491576,-1.3081239783972562,-0.1597400077938718
-0.6251232484050757,0.00020657850898520382,-0.42411592676784354
0.611842928672406,-0.13751242748114548,0.41510587134986887
-1.45836875084095,-0.7572479544367335,-0.9894327493182223
0.5844056012695783,-0.9638264634219296,0.39649097009772
0.8235023114942196,-0.13751242748114548,0.5587065381521603
2.2930325017956688,2.065991668360945,1.555711784978563
0.7405370595856693,-0.6195289484466028,0.5024186224611388
-1.0602008686499147,-0.8949669604268642,-0.7192950751947759
-1.0928643536532812,1.170818129425096,-0.7414556719235247
-0.7645963293694498,-0.8949669604268642,-0.5187416747996004
0.2042026358303946,0.8265206144497692,0.13854162417508542
0.7323711883348276,0.06906608150405054,0.4968784732789515
-0.4640922673384799,1.170818129425096,-0.3148641848951126
0.6755367244289703,0.8265206144497692,0.4583190349709288
0.5687271284679625,1.9282726623708144,0.3858538836679206
0.19701666912965404,0.6199421054645732,0.13366629289476073
-1.0703265490009584,-1.3081239783972562,-0.726164860180688
-0.8488681206781349,-1.5835619903775175,-0.575916014359772
-0.06069822754690606,1.2396776324201613,-0.04118081529506638
1.1991323890329322,0.7576611114547039,0.8135534005327703
-0.16489474470764456,0.00020657850898520382,-0.11187311885977466
-0.10740701110171988,-0.3440909364663415,-0.072870468617177
1.3428517230477437,1.2396776324201613,0.9110600261392643
-0.20049794336131385,-0.7572479544367335,-0.13602816929411074
-0.5251729842947749,-0.4129504394614068,-0.3563045007778726
0.17480549932736494,-0.4818099424564721,0.11859708711921159
-1.2418098452686317,-1.8590000023577788,-0.8425079930066188
0.08563418526817496,-1.10154546941206,0.058098658049727706
-0.5415047267964579,0.6888016084596386,-0.36738479914224687
-0.3448705470761929,-0.8261074574317988,-0.2339780068351799
-0.07311035184818526,-1.4458429843873868,-0.04960184205199088
-0.0015773196908130626,-0.13751242748114548,-0.001070135216031267
-2.3125188836789787,-2.065578511342975,-1.5689323537750002
0.5376968177147645,1.9971321653658798,0.3648013167756094
1.3853142535521201,2.479148686331337,0.9398688018866377
1.04822708831738,0.8953801174448346,0.7111714436459514
-0.3249458212241394,-1.10154546941206,-0.22046004283064316
-1.1444726599586001,-2.2032975173331057,-0.7764694147549478
-0.07017063819788229,0.5510826024695079,-0.04760738834640349
0.5442295147154378,0.7576611114547039,0.3692334361213591
-1.4443234522895023,-1.1704049724071257,-0.9799036927248603
-2.1714126284644357,-1.10154546941206,-1.4731985759068056
0.9659151061088967,1.9282726623708144,0.6553267398895046
-1.836285272329898,-0.2063719304762108,-1.2458308534698443
-0.7783149930708636,0.00020657850898520382,-0.5280491254256748
0.4782492750086378,-0.06865292448608014,0.32446903072928673
2.569365584924148,1.2396776324201613,1.743190433303777
-1.4129665066862709,-0.6883884514416682,-0.9586295198652617
-0.2370810465650841,-0.5506694454515375,-0.16084803763030925
-0.04240667594502093,1.0330991234349651,-0.02877088112696711
2.6644163262839444,1.583975147395488,1.8076777697844362
0.07844821856743436,-0.06865292448608014,0.05322332676940299
1.9056435696557448,1.8594131593757488,1.292887107775604
-0.20474419641175146,-0.9638264634219296,-0.13890904686884806
-0.4461273505866284,-0.8261074574317988,-0.3026758566943008
0.12189065362191155,0.06906608150405054,0.08269692041863874
-1.394348320234352,-0.5506694454515375,-0.945997979729875
-0.9125619164346992,-0.8261074574317988,-0.619129177980832
-1.2816592969727385,-1.3769834813923216,-0.8695439210156921
-0.23218152381457915,0.4822230994744425,-0.15752394812099693
-0.15084944615619705,0.3445040934843119,-0.10234406226641274
-1.9571401668423531,-0.4818099424564721,-1.3278250613662144
-1.2930915167239163,-0.2063719304762108,-0.8773001298707539
0.9639552970086948,1.0330991234349651,0.6539971040857797
-0.25831231181727216,0.9642396204399,-0.17525242550399586
0.36131399869658654,-0.3440909364663415,0.24513409444036657
-0.3598957501777413,-0.2752314334712761,-0.2441718813304042
0.09771967471942047,0.06906608150405054,0.06629807883936471
-0.7544706490184062,-0.9638264634219296,-0.5118718898136883
-0.3598957501777413,-0.5506694454515375,-0.2441718813304042
-0.19657832516090987,-0.2063719304762108,-0.13336889768666085
0.6546320940268159,0.13792558449911588,0.4441362530645297
-0.5117809554433946,-0.8261074574317988,-0.34721865611908564
0.3936508488499191,-0.13751242748114548,0.26707308520182765
-1.310076528925667,0.7576611114547039,-0.8888236401697034
-1.4557556720406806,-0.4818099424564721,-0.9876599015799223
0.4740030219582002,0.13792558449911588,0.32158815315454947
0.018674041011274043,0.06906608150405054,0.012669434755792915
-0.6767315547103945,0.6888016084596386,-0.4591296695992665
1.9876289170141943,1.5151156444004226,1.3485102055647633
-0.7146211973142994,-0.06865292448608014,-0.48483596180461497
0.9930257986616908,0.3445040934843119,0.6737200351743661
0.5145057433623744,0.5510826024695079,0.34906729309819784
-0.2615786603176088,0.4133635964793772,-0.17746848517687072
1.8893118271540617,0.7576611114547039,1.2818068094112296
-0.6535404803580044,0.3445040934843119,-0.44339564592185493
-0.3879863472806364,0.2756445904892465,-0.2632299945171282
3.79293973315025,3.167743716281991,2.573326386762703
1.009357541163374,0.4133635964793772,0.6848003335387404
0.5128725691122061,0.06906608150405054,0.3479592632617604
-0.13059808545410995,1.0330991234349651,-0.08860449229458855
-0.18514610540973167,0.13792558449911588,-0.12561268883159885
-1.632791760758926,-2.409876026318301,-1.1077703358497402
1.23996174528714,0.5510826024695079,0.8412541464437061
-0.2325081586646128,-0.5506694454515375,-0.15774555408828442
-0.6443947045570618,-1.4458429843873868,-0.43719067883780527
-0.6254498832551094,0.3445040934843119,-0.4243375327351311
-0.5411780919464243,-0.7572479544367335,-0.36716319317495943
0.19799657367975498,0.5510826024695079,0.13433111079662313
-1.179422588912202,-0.4129504394614068,-0.8001812532547088
-0.7446716035173964,-1.7212809963676483,-0.5052237107950637
-0.19755822971101086,-1.3769834813923216,-0.13403371558852334
-1.0895980051529444,-0.5506694454515375,-0.7392396122506497
-0.09532152165047432,0.7576611114547039,-0.06467104782753996
0.30839915299113313,0.5510826024695079,0.2092339277397937
-0.6806511729107985,-0.8261074574317988,-0.4617889412067163
-0.4186900231838007,0.2756445904892465,-0.28406095544215193
0.8555125267975187,0.5510826024695079,0.580423922946334
-0.5238664448946402,-1.927859505352844,-0.3554180769087227
0.441339536954834,0.2067850874941812,0.2994275564258008
-0.34781026072649585,-0.2063719304762108,-0.23597246054076726
-0.15248262040636534,-0.8949669604268642,-0.10345209210285015
1.416344564305318,0.7576611114547039,0.960921368778949
0.09347342166898287,-1.0326859664169947,0.06341720126462738
0.7333510928849286,1.1019586264300305,0.497543291180814
-0.031301091043876385,0.6199421054645732,-0.021236278239192555
-0.21519651161282866,0.7576611114547039,-0.1460004378220476
-0.5643691662988144,-1.5835619903775175,-0.382897216852371
-0.14007049610508618,-0.13751242748114548,-0.09503106534592567
-0.16130176135727425,-0.8949669604268642,-0.1094354532196123
0.8097836477928058,0.06906608150405054,0.5493990875260859
-0.7214805291650063,-1.9967190083479096,-0.4894896871176522
0.9750608819098392,0.4822230994744425,0.6615317069735541
0.08400101101800664,-1.1704049724071257,0.05699062821329027
0.17055924627692734,1.170818129425096,0.11571620954447427
-0.6679124137594855,-1.1704049724071257,-0.4531463084825043
0.9146334346536116,0.4822230994744425,0.6205346030253691
0.5177720918627111,0.5510826024695079,0.3512833527710727
0.4380731884544973,-0.8261074574317988,0.2972114967529259
1.0701116232696353,1.583975147395488,0.7260190434542129
-0.44122782783612347,0.3445040934843119,-0.2993517671849885
1.898784237805038,1.583975147395488,1.2882333824625667
-0.05122581689592984,0.5510826024695079,-0.034754242243729264
1.5058425132145417,1.1019586264300305,1.0216414038157204
0.905487658852669,1.7216941533856187,0.6143296359413195
-1.1657039252107881,-1.4458429843873868,-0.7908738026286343
-1.131733900807287,-0.8261074574317988,-0.7678267820307356
-1.1692969085611582,-0.8949669604268642,-0.7933114682687965
0.6879488487302495,0.6199421054645732,0.4667400617278533
0.3636004426468222,-0.2063719304762108,0.24668533621137897
0.14900134617470556,1.377396638410292,0.10109021570350013
1.7305672900377018,0.8953801174448346,1.1741063093095112
-0.8936170951327467,-0.4818099424564721,-0.6062760318781577
-0.9811552349417684,0.06906608150405054,-0.6656664311112042
1.025689283665057,0.6199421054645732,0.6958806319031147
-0.3314785182248127,-1.3081239783972562,-0.22489216217639293
0.4887015902097151,-0.13751242748114548,0.3315604216824864
0.8528994479972493,1.652834650390553,0.5786510752080342
-0.4588661097379412,-0.6195289484466028,-0.31131848941851276
0.4602843582567864,1.377396638410292,0.312280702528475
0.11731776572144025,-0.8261074574317988,0.07959443687661391
2.1235090146281985,0.3445040934843119,1.440698287956358
2.2773540289940537,1.652834650390553,1.5450746985487642
1.7165219914862542,2.3414296803412067,1.1645772527161493
0.21792129953180847,0.4822230994744425,0.14784907480115986
-0.4732380431394224,-0.4129504394614068,-0.3210691519791622
-0.12341211875336935,0.2756445904892465,-0.08372916101426384
0.2659366224867569,-0.13751242748114548,0.18042515199242043
0.7444566777860732,0.7576611114547039,0.5050778940685885
-0.18416620085963067,-0.8949669604268642,-0.12494787092973639
-0.4088909776827908,0.4133635964793772,-0.2774127764235273
1.2938564955426943,0.4822230994744425,0.8778191310461413
